CUTOFF,POOL,LOANID,LIEN,ORIG BAL,CURR BAL,FOREBEAR_BAL,SRBAL,JRBAL,APPR VAL,PURCH PX,BPO DATE,BPO,BPO QS,BPO AGE,LTV(T),LTV(a),CLTV,SS FLAG,ORIG RATE,RATE,ORIG PMT,CURR PMT,ORIG DATE,FIRST DUE,PAID TO DATE,NEXT DUE,MAT DATE,OTERM,AGE,RTERM,ATERM,BALL FLAG,IO TERM,IO RTERM,IO FLAG,STATE,ZIP,CBSA,CBSA NAME,MARGIN,ARM_FLAG,FIRST_CAP,PERIODIC_CAP,LIFE_CAP,MAX_RATE,FLOOR_RATE,FIRST_RATE_CHANGE_DATE,FIRST_PI_CHANGE_DATE,MONTHS_TO_FIRST_ROL,NEXT_PI_CHG_DATE,ROLL_FREQ,ARM_LOOKBACK,PRODTYPE,LOAN_PURP,PROPTYPE,DOCTYPE,OCC,BK_FLAG,BK_TYPE,BK_DATE,FC_FLAG,FC_DATE,REO_FLAG,MOD_FLAG,MOD_AGE,STEP_RATE_LOAN,ORIG_FICO,CURR_FICO,CURR_FICO_DATE,BACK_RATIO,DQ,INDEX,PMTS1,PMTS3,PMTS6,PMTS12,MSLP,PAYSTRING,MI_PCT,MI_FLAG,MI_COMPANY,ESCROW_ADV,CORP_ADV,DQ_INT,STEP_DT_1,STEP_DT_2,STEP_DT_3,STEP_DT_4,STEP_DT_5,STEP_DT_6,STEP_DT_7,STEP_DT_8,STEP_DT_9,STEP_DT_10,STEP_RT_1,STEP_RT_2,STEP_RT_3,STEP_RT_4,STEP_RT_5,STEP_RT_6,STEP_RT_7,STEP_RT_8,STEP_RT_9,STEP_RT_10,PAL_BUCKET,RENTAL,RENTAL RATE,ALREADY RENTED?,TIME RENTED,FC STATUS,MAX FC DATE,MAX FC STAGE,TIME IN FC,TIME IN CURRENT STAGE,FC CREDIT,ACTIVE LOSS MIT,LOCATION,PAYHISTORY BUCKET,LISTED,PRA
08/31/2017,BAML $250MM Mixed - 2017.10,875536043,1,165000,128762.12,0,0,1448.993683,207000,0,09/23/2017,289900,275405,0,44.41604691,44.41604691,44.91587226,Y,0,4.74,0,1297.01,07/06/2006,08/05/2006,08/25/2017,09/25/2017,07/25/2031,300,133,167,300,N,0,0,N,OR,97220,38900,Portland-Vancouver-Hillsboro OR-WA,0.49,Y,0,0,18,18,0.49,,,,10/01/2017,0,,ARM,Cash Out,Single Family,Unknown,Investment Property,N,0,,N,,N,N,0,0,762,512,03/30/2012,,Current,Ntl Avg Contract,,3,4,9,0,0000000000000000000000000000000000000000000000000000000000000111123300,0,N,,0,15,0,,,,,,,,,,,0,0,0,0,0,0,0,0,0,0,Spotty     -SUB_T1_L,0,0,,0,Inactive,,,0,0,0,0,Urban,60+ Last 6,N,0
08/31/2017,BAML $250MM Mixed - 2017.10,875565202,1,40000,36640.6,0,0,204.0007782,51000,0,08/31/2017,79469.17202,75495.71342,0,46.10668398,46.10668398,46.36338827,Y,0,4.25,0,2845.42,09/20/2001,11/01/2001,06/30/2017,07/30/2017,09/30/2026,299,190,109,300,N,0,0,N,AZ,86444,29420,Lake Havasu City-Kingman AZ,0,Y,0,0,18,18,0,,,,10/01/2017,0,,ARM,Cash Out,Single Family,Unknown,Owner Occupied,N,0,,N,,N,N,0,0,690,612,07/20/2017,,Current,Ntl Avg Contract,,1,3,7,0,0000000010010000000000011010000000111000233310000100000000001012213451,0,N,,0,15,259.5375833,,,,,,,,,,,0,0,0,0,0,0,0,0,0,0,Spotty     -SUB_T2_L,0,0,,0,Inactive,,,0,0,0,0,Rural,30D-MSLP0,N,0
08/31/2017,BAML $250MM Mixed - 2017.10,875630490,1,125000,112250.62,0,0,188.9971161,189000,0,09/25/2017,140000,133000,0,80.17901429,80.17901429,80.31401223,Y,0,3.74,0,646.35,11/24/2007,12/30/2007,06/30/2017,07/30/2017,11/30/2032,300,117,183,300,N,0,0,N,AZ,85041,38060,Phoenix-Mesa-Scottsdale AZ,-0.51,Y,0,0,18,18,0,,,,10/01/2017,0,,ARM,Cash Out,Single Family,Unknown,Owner Occupied,N,0,,N,,N,N,0,0,691,599,08/22/2017,,Current,Ntl Avg Contract,,3,5,8,1,0000000000000000000000000000000000000000000010100001230120123433345301,0,N,,0,0,699.6955313,,,,,,,,,,,0,0,0,0,0,0,0,0,0,0,Spotty     -PER_T3_L,0,0,,0,Inactive,,,0,0,0,0,Urban,30D,N,0
08/31/2017,BAML $250MM Mixed - 2017.10,875753889,1,81600,58925.82,0,0,0,102000,0,08/31/2017,106567.285,101238.9207,0,55.2944743,55.2944743,55.2944743,N,0,4.24,0,213.3,10/04/2007,11/15/2007,08/25/2017,09/25/2017,10/25/2032,300,118,182,300,N,0,0,N,WA,98550,10140,Aberdeen WA,-0.01,Y,0,0,18,18,0,,,,10/01/2017,0,,ARM,Cash Out,Single Family,Unknown,Owner Occupied,N,0,,N,,N,N,0,0,746,535,02/05/2015,,Current,Ntl Avg Contract,,3,3,7,0,0000000000000000000000000000000000000000000000000000000000000012345000,0,N,,0,15,0,,,,,,,,,,,0,0,0,0,0,0,0,0,0,0,Spotty     -SUB_T2_L,0,0,,0,Inactive,,,0,0,0,0,Rural,60+ Last 6,N,0
08/31/2017,BAML $250MM Mixed - 2017.10,876162127,1,236000,76815.12,0,0,0,295000,0,09/23/2017,749900,712405,0,10.24338178,10.24338178,10.24338178,N,0,4.723,0,15734.53,09/13/2000,10/28/2000,06/25/2017,07/25/2017,08/25/2025,299,203,96,299,N,0,0,N,CA,90069,31080,Los Angeles-Long Beach-Anaheim CA,3.5,Y,0,0,18,18,3.5,,,,09/01/2017,0,,ARM,Cash Out,Single Family,Unknown,Owner Occupied,N,0,,N,,N,N,0,0,632,632,01/01/1900,,Current,LIBOR 1M,,1,4,7,0,45232345634553423452340001121231231234010120123423453456786789ABCABCD1,0,N,,0,45,604.6630196,,,,,,,,,,,0,0,0,0,0,0,0,0,0,0,Spotty     -SUB_T2_L,0,0,,0,Inactive,,,0,0,0,0,Urban,30D-MSLP0,N,0
08/31/2017,BAML $250MM Mixed - 2017.10,876270035,1,100000,74727.87,0,0,0,362168,0,08/31/2017,395023.1707,375272.0122,0,18.91733841,18.91733841,18.91733841,N,0,4.75,0,8520.6,12/17/2004,01/31/2005,07/25/2017,08/25/2017,12/25/2029,300,152,148,300,N,0,0,N,CA,95446,42220,Santa Rosa CA,0.5,Y,0,0,7.74,7.74,0.5,,,,10/01/2017,0,,ARM,Cash Out,Single Family,Unknown,Investment Property,N,0,,N,,N,N,0,0,684,575,05/23/2017,,Current,Ntl Avg Contract,,1,2,3,0,0000000000000000000000000000000000000000011300000000000102344567779AB0,0,N,,0,30,0,,,,,,,,,,,0,0,0,0,0,0,0,0,0,0,Spotty     -SUB_T2_L,0,0,,0,Inactive,,,0,0,0,0,Rural,60+ Last 6,N,0
08/31/2017,BAML $250MM Mixed - 2017.10,876508822,1,25000,11319.11,0,0,335.9991455,56000,0,09/25/2017,79900,75905,0,14.16659574,14.16659574,14.58712033,Y,0,3.99,0,50,09/01/2006,10/01/2006,08/25/2017,09/25/2017,09/25/2031,300,131,169,300,N,0,0,N,PA,19602,39740,Reading PA,-0.26,Y,0,0,18,18,0,,,,10/01/2017,0,,ARM,Cash Out,Single Family,Unknown,Investment Property,N,0,,N,,N,N,0,0,709,709,01/01/1900,,Current,Ntl Avg Contract,,3,6,9,0,0000000000000000000000000000000000000000000001200000000000011123324300,0,N,,0,15,0,,,,,,,,,,,0,0,0,0,0,0,0,0,0,0,Spotty     -PER_T2_L,0,0,,0,Inactive,,,0,0,0,0,Suburban,60+ Last 6,N,0
08/31/2017,BAML $250MM Mixed - 2017.10,876524640,1,100000,93509.3,0,0,751.775,150355,0,09/24/2017,165000,156750,0,56.67230303,56.67230303,57.12792424,Y,0,4.24,0,886.68,10/18/2006,11/30/2006,07/25/2017,08/25/2017,10/25/2031,300,130,170,300,N,0,0,N,CA,93274,47300,Visalia-Porterville CA,-0.01,Y,0,0,18,18,0,,,,10/01/2017,0,,ARM,Cash Out,Single Family,Unknown,Investment Property,N,0,,N,,N,N,0,0,698,567,03/05/2013,,Current,Ntl Avg Contract,,2,3,8,0,0120010000000000000000000001000000000000000000000000000000000011233400,0,N,,0,15,0,,,,,,,,,,,0,0,0,0,0,0,0,0,0,0,Spotty     -SUB_T2_L,0,0,,0,Inactive,,,0,0,0,0,Suburban,60+ Last 6,N,0
08/31/2017,BAML $250MM Mixed - 2017.10,876753505,1,45000,43409.45,0,0,0,165000,0,09/25/2017,84000,79800,0,51.67791667,51.67791667,51.67791667,N,0,4,0,147.47,09/03/2002,10/10/2002,07/25/2017,08/25/2017,09/25/2032,360,179,181,360,N,0,0,N,NYU,12010,11220,Amsterdam NY,-0.25,Y,0,0,18,18,0,,,,10/01/2017,0,,ARM,Cash Out,Single Family,Unknown,Owner Occupied,N,0,,N,,N,N,0,0,702,716,10/14/2014,,Current,Ntl Avg Contract,,2,2,9,0,0000000000000000000000000000000000000000000000012300000001200100123400,0,N,,0,15,0,,,,,,,,,,,0,0,0,0,0,0,0,0,0,0,Spotty     -SUB_T2_L,0,0,,0,Inactive,,,0,0,0,0,Rural,60+ Last 6,N,0
08/31/2017,BAML $250MM Mixed - 2017.10,876804751,1,150000,147401.05,0,0,2393.993912,399000,0,09/26/2017,369000,350550,0,39.94608401,39.94608401,40.59486285,Y,0,3.74,0,1330.13,07/19/2007,08/23/2007,08/25/2017,09/25/2017,07/25/2032,300,121,179,300,N,0,0,N,NYD,11756,35620,New York-Newark-Jersey City NY-NJ-PA,-0.51,Y,0,0,18,18,0,,,,10/01/2017,0,,ARM,Cash Out,Single Family,Unknown,Owner Occupied,N,0,,N,,N,N,0,0,736,541,05/26/2014,,Current,Ntl Avg Contract,,3,6,11,0,0000000000000000000000000000000001111110100000012112212234455555000010,0,N,,0,15,0,,,,,,,,,,,0,0,0,0,0,0,0,0,0,0,Spotty     -PER_T3_L,0,0,,0,Inactive,,,0,0,0,0,Urban,30 Only Last 6,N,0
08/31/2017,BAML $250MM Mixed - 2017.10,877031844,1,60000,60243.44,0,0,1264.796379,180685,0,09/25/2017,212000,201400,0,28.41671698,28.41671698,29.01331905,Y,0,4.24,0,575.23,09/29/2006,11/01/2006,07/25/2017,08/25/2017,09/25/2031,299,130,169,300,N,0,0,N,TN,37086,34980,Nashville-Davidson--Murfreesboro--Franklin TN,-0.01,Y,0,0,7.94,7.94,0,,,,10/01/2017,0,,ARM,Cash Out,Single Family,Unknown,Owner Occupied,N,0,,N,,N,N,0,0,678,586,08/23/2017,,Current,Ntl Avg Contract,,3,6,12,0,00000000000000000000000000000000000000000000111200,0,N,,0,15,0,,,,,,,,,,,0,0,0,0,0,0,0,0,0,0,Spotty     -PER_T3_L,0,0,,0,Inactive,,,0,0,0,0,Urban,60+ Last 6,N,0
08/31/2017,BAML $250MM Mixed - 2017.10,877056120,1,44000,41743.34,0,0,0,90000,0,09/25/2017,139000,132050,0,30.03117986,30.03117986,30.03117986,N,0,5,0,177.45,03/05/2005,05/01/2005,08/25/2017,09/25/2017,03/25/2030,299,148,151,300,N,0,0,N,TX,75023,19100,Dallas-Fort Worth-Arlington TX,0.75,Y,0,0,18,18,0.75,,,,10/01/2017,0,,ARM,Cash Out,Single Family,Unknown,Owner Occupied,N,0,,N,,N,Y,96,0,782,782,01/01/1900,,Current,Ntl Avg Contract,,3,6,6,0,10000000011232340010121201200000000000000000012301233444456789ABBBBB00,0,N,,0,15,0,,,,,,,,,,,0,0,0,0,0,0,0,0,0,0,Spotty     -PER_T2_L,0,0,,0,Inactive,,,0,0,0,0,Urban,60+ Last 6,N,0
08/31/2017,BAML $250MM Mixed - 2017.10,877076686,1,30000,10614.88,0,0,0,174000,0,09/25/2017,243000,230850,0,4.368263374,4.368263374,4.368263374,N,0,4.74,0,1821.72,12/03/2007,02/01/2008,08/25/2017,09/25/2017,12/25/2032,299,115,184,300,N,0,0,N,TX,76706,47380,Waco TX,0.49,Y,0,0,8.99,8.99,0.49,,,,10/01/2017,0,,ARM,Cash Out,Single Family,Unknown,Owner Occupied,N,0,,N,,N,N,0,0,606,543,08/23/2017,,Current,Ntl Avg Contract,,1,1,1,0,000000000000000000000000000000000000000000000000000000000123446788ABC0,0,N,,0,30,0,,,,,,,,,,,0,0,0,0,0,0,0,0,0,0,Spotty     -SUB_T2_L,0,0,,0,Inactive,,,0,0,0,0,Suburban,60+ Last 6,N,0
08/31/2017,BAML $250MM Mixed - 2017.10,878544965,1,63000,40220.09,0,0,0,0,0,08/31/2017,133481,126806.95,0,30.13169665,30.13169665,30.13169665,N,0,4.5,0,499.63,07/29/2014,08/30/2014,06/25/2017,07/25/2017,10/25/2030,195,37,158,195,N,0,0,N,MD,21207,12580,Baltimore-Columbia-Towson MD,0.25,Y,0,0,8.44,8.44,0.25,,,,10/01/2017,0,,ARM,Cash Out,Single Family,Full,Owner Occupied,N,0,,N,,N,N,0,0,0,583,08/01/2017,,Current,Ntl Avg Contract,,1,1,2,1,00000001200010101230000000012345678901,0,N,,0,1185,301.650675,,,,,,,,,,,0,0,0,0,0,0,0,0,0,0,Spotty     -SUB_T2_L,0,0,,0,Inactive,,,0,0,0,0,Urban,30D,N,0
08/31/2017,BAML $250MM Mixed - 2017.10,3179929,1,32000,27485.69,0,0,0,45000,0,08/31/2017,83944.64474,79747.41251,0,32.74263663,32.74263663,32.74263663,N,0,9.875,277.87,317.55,02/23/2000,04/01/2000,07/01/2017,08/01/2017,03/01/2030,360,209,151,360,N,0,0,N,VA,24237,,,0,N,0,0,0,0,0,,,,,0,,FIXED,Cash Out,Single Family,Full,Owner Occupied,N,0,,N,,N,Y,46,0,539,538,08/14/2017,,Current,,,3,6,12,0,000001111100112110011201010001000000010010000000000000000000000000001110000000000000000000000000000000000000001000011001101011111110111111111110011122233456788999900111111111111100000000001111111101112221122311,0,N,,0,88.26,226.184324,,,,,,,,,,,0,0,0,0,0,0,0,0,0,0,Spotty     -PER_T3_L,0,0,,0,Inactive,,,0,0,0,0,Rural,30D-MSLP0,N,0
08/31/2017,BAML $250MM Mixed - 2017.10,22402600,1,700000,722078.67,0,0,0,1300000,0,09/25/2017,1175000,1116250,0,61.45350383,61.45350383,61.45350383,N,0,5,4310.02,3630.72,03/13/2006,05/01/2006,08/01/2017,09/01/2017,07/01/2053,567,136,431,567,N,0,0,N,CA,92649,31080,Los Angeles-Long Beach-Anaheim CA,0,N,0,0,0,0,0,,,,,0,,FIXED,Rate Term,Single Family,Full,Owner Occupied,N,0,,N,,N,Y,48,0,709,685,08/22/2017,,Current,,,3,6,12,0,000000000123412121212121212123456789ABCDEFGHIJKLMNOPQRRRQ1000000000000000000000000000000000000000000000000,0,N,,0,46.1,0,,,,,,,,,,,0,0,0,0,0,0,0,0,0,0,Pristine 24-PER_T1_L,0,0,,0,Inactive,,,0,0,0,0,Suburban,24M Pristine,N,0
08/31/2017,BAML $250MM Mixed - 2017.10,23953504,1,239960,266717.41,0,0,0,299950,0,09/25/2017,290000,275500,0,91.97152069,91.97152069,91.97152069,N,0,2,1583.01,924.3400269,02/22/2007,04/01/2007,07/01/2017,08/01/2017,07/01/2050,520,125,395,450,N,0,0,N,WA,98059,42660,Seattle-Tacoma-Bellevue WA,0,N,0,0,0,0,0,,,,,0,,FIXED - StepRate,Purchase,Single Family,Full,Owner Occupied,N,0,,N,,N,Y,0,1,578,540,08/15/2017,,Current,,,1,3,9,0,000000000000000000001011101001011111211122341,0,N,,0,75,444.5290167,01/01/2018,01/01/2019,,,,,,,,,3,3.375,0,0,0,0,0,0,0,0,Spotty     -SUB_T2_L,0,0,,0,Inactive,,,0,0,0,0,Suburban,30D-MSLP0,N,0
08/31/2017,BAML $250MM Mixed - 2017.10,35867593,1,149319,145112.12,0,0,0,150500,150500,09/23/2017,279000,265050,0,52.01151254,52.01151254,52.01151254,N,0,5.375,836.14,1082.97,07/10/2003,09/01/2003,08/01/2017,09/01/2017,10/01/2034,374,168,206,374,N,0,0,N,TX,78645,12420,Austin-Round Rock TX,0,N,0,0,0,0,0,,,,,0,,FIXED,Purchase,PUD,Full,Owner Occupied,N,0,,N,,N,Y,74,0,669,588,08/21/2017,,Current,,,3,6,12,0,0120000000001201234566789ABCDEFFGFFEFDEDBA9876666777789ABCDEFGHIJKLMNOPQRSTUVVWWWWXXXYZZZZZ000000000000010000100000110120120110000000000000000000010100000000000000000,0,N,,0,0,0,,,,,,,,,,,0,0,0,0,0,0,0,0,0,0,Pristine 12-PER_T3_L,0,0,,0,Inactive,,,0,0,0,0,Rural,12M Pristine,N,0
08/31/2017,BAML $250MM Mixed - 2017.10,42873020,1,190794,188806.32,0,0,0,214000,200836,09/23/2017,240000,228000,0,78.6693,78.6693,78.6693,N,0,4,718.6699829,804.5700073,02/27/2004,03/20/2004,07/25/2017,08/25/2017,11/25/2055,621,162,459,480,N,0,0,N,AL,35242,13820,Birmingham-Hoover AL,0,N,0,0,0,0,0,,,,,0,,FIXED,Purchase,PUD,Full,Owner Occupied,N,0,,N,,N,Y,17,0,668,546,08/01/2017,,Current,,,3,6,12,0,000000000000000000000000000000000000000000000000000000000000000000000000000000010000001010000000000010000000000000000100001123345566789AABBCCDEF301101111111100000,0,Y,,0,75,0,,,,,,,,,,,0,0,0,0,0,0,0,0,0,0,Spotty     -PER_T3_L,0,0,,0,Inactive,,,0,0,0,0,Suburban,30 Only Last 6,N,0
08/31/2017,BAML $250MM Mixed - 2017.10,77507974,1,410000,331741.37,0,0,0,513000,512500,09/25/2017,560000,532000,0,59.23953036,59.23953036,59.23953036,N,0,3.75,1964.58,2186.399902,09/24/2004,11/01/2004,08/01/2017,09/01/2017,10/01/2034,360,154,206,360,N,84,0,N,VA,20147,47900,Washington-Arlington-Alexandria DC-VA-MD-WV,2.25,Y,5,2,10.75,10.75,2.25,,,,11/01/2018,12,,ARM,Purchase,PUD,Limited,Owner Occupied,N,0,,N,,N,N,0,0,755,515,08/23/2017,,Current,LIBOR 1Y,,3,6,12,0,00000000000000000000000000000000000000000000000000000000000000000000000000000000000000000000000000000000000000000000000000000000000000000000000000000000000,0,N,,0,0,0,,,,,,,,,,,0,0,0,0,0,0,0,0,0,0,Pristine 24-PER_T3_L,0,0,,0,Inactive,,,0,0,0,0,Rural,24M Pristine,N,0
08/31/2017,BAML $250MM Mixed - 2017.10,85337949,1,136000,95234.73,0,0,0,154000,0,09/25/2017,120000,114000,0,79.362275,79.362275,79.362275,N,0,3.25,510,599.4699707,12/01/2004,01/01/2005,08/01/2017,09/01/2017,12/01/2034,360,152,208,360,N,120,0,N,OH,44281,17460,Cleveland-Elyria OH,1.875,Y,0,0,12,12,1.875,,,,01/01/2018,6,,ARM,Rate Term,Single Family,Full,Owner Occupied,N,0,,N,,N,N,0,0,664,675,08/18/2017,,Current,LIBOR 6M,,3,6,12,0,000000000000000000000000000000000000000000000000000000000000000000000000000000000000000000000000000000000000000000000000000000000000000000000000000010000,0,N,,0,0,0,,,,,,,,,,,0,0,0,0,0,0,0,0,0,0,Spotty     -PER_T1_L,0,0,,0,Inactive,,,0,0,0,0,Suburban,30 Only Last 6,N,0
08/31/2017,BAML $250MM Mixed - 2017.10,87149090,1,524216,521443.19,0,0,65527,656000,655270,09/22/2017,695000,660250,0,75.02779712,75.02779712,84.45614245,Y,0,3.5,1760.63,2176.469971,01/31/2005,04/01/2005,08/01/2017,09/01/2017,12/01/2051,561,149,412,561,N,0,0,N,CA,93035,37100,Oxnard-Thousand Oaks-Ventura CA,0,N,0,0,0,0,0,,,,,0,,FIXED - StepRate,Purchase,Single Family,Limited,Owner Occupied,N,0,,N,,N,Y,0,1,757,566,08/22/2017,,Current,,,3,4,8,0,000000000000000000000000000000000000000000000000000000000000000000111111223456655600000000000000000000000000000000000122333445660000011223334455677770,0,N,,0,125,0,07/01/2017,07/01/2020,,,,,,,,,3.5,3.875,0,0,0,0,0,0,0,0,Spotty     -SUB_T1_L,0,0,,0,Inactive,,,0,0,0,0,Urban,60+ Last 6,N,0
08/31/2017,BAML $250MM Mixed - 2017.10,87932018,1,107200,93026.02,0,0,0,137000,0,09/23/2017,134000,127300,0,69.42240299,69.42240299,69.42240299,N,0,3.25,424.33,585.6199951,01/07/2005,03/01/2005,07/01/2017,08/01/2017,02/01/2035,360,150,210,360,N,120,0,N,OH,44680,35420,New Philadelphia-Dover OH,1.875,Y,0,0,12,12,1.875,,,,03/01/2018,6,,ARM,Cash Out,Single Family,Full,Owner Occupied,N,0,,N,,N,N,0,0,703,618,08/23/2017,,Current,LIBOR 6M,,2,6,12,1,0000000000000000000000000000000000000000000000000000000000000000000000000000000000000000000000000000000000000000000000000000001010112101011220112100001,0,N,,0,515,251.9454708,,,,,,,,,,,0,0,0,0,0,0,0,0,0,0,Spotty     -SUB_T1_L,0,0,,0,Inactive,,,0,0,0,0,Rural,30D,N,0
08/31/2017,BAML $250MM Mixed - 2017.10,89842966,1,180000,143296.18,0,0,0,225000,0,09/24/2017,235000,223250,0,60.97709787,60.97709787,60.97709787,N,0,5.125,578.95,1029.42,03/11/2005,05/01/2005,08/01/2017,09/01/2017,04/01/2035,360,148,212,360,N,0,0,N,KY,40291,31140,Louisville/Jefferson County KY-IN,0,N,0,0,0,0,0,,,,,0,,FIXED,Rate Term,Single Family,Limited,Owner Occupied,N,0,,N,,N,Y,94,0,669,633,08/24/2017,,Current,,,3,6,12,0,00000000000000000000000000000000000000000000000000000100000000000000000000000000000000000000000000000000000000000100000000000000000010000000000000000,0,Y,,0,0,0,,,,,,,,,,,0,0,0,0,0,0,0,0,0,0,Pristine 12-PER_T2_L,0,0,,0,Inactive,,,0,0,0,0,Suburban,12M Pristine,N,0
08/31/2017,BAML $250MM Mixed - 2017.10,92059331,1,650000,509347.33,0,0,0,870000,0,09/25/2017,1369000,1300550,0,37.20579474,37.20579474,37.20579474,N,0,4.125,2911.46,3376.560059,04/18/2005,06/01/2005,08/01/2017,09/01/2017,05/01/2035,360,147,213,360,N,60,0,N,CA,94403,41860,San Francisco-Oakland-Hayward CA,2.25,Y,5,2,10.375,10.375,2.25,,,,06/01/2018,12,,ARM,Cash Out,Single Family,Full,Owner Occupied,N,0,,N,,N,N,0,0,707,695,02/23/2017,,Current,LIBOR 1Y,,3,6,12,0,0000000000000000000000000000000000000000000000000000100000000000000000000000000000000111111111111111111111111112341111112111111111111111111100000000,0,N,,0,135,0,,,,,,,,,,,0,0,0,0,0,0,0,0,0,0,Pristine 6 -PER_T1_L,0,0,,0,Inactive,,,0,0,0,0,Urban,6M Pristine,N,0
08/31/2017,BAML $250MM Mixed - 2017.10,100405240,1,130400,117760.7,0,0,0,168000,163000,09/26/2017,175000,166250,0,67.29182857,67.29182857,67.29182857,N,0,3.75,570.5,768.1900024,12/30/2004,02/01/2005,08/01/2017,09/01/2017,01/01/2035,360,151,209,360,N,120,0,N,GA,30047,12060,Atlanta-Sandy Springs-Roswell GA,2.375,Y,3,1,10.25,10.25,2.375,,,,02/01/2018,6,,ARM,Purchase,Single Family,Full,Owner Occupied,N,0,,N,,N,N,0,0,640,716,08/21/2017,,Current,LIBOR 6M,,3,6,12,0,0000000000000000000000000000000000000000000000000000000000000000000000000000000000000000000000000000000000000000000000000000000000000000000000000,0,N,,0,0,0,,,,,,,,,,,0,0,0,0,0,0,0,0,0,0,Pristine 24-PER_T1_L,0,0,,0,Inactive,,,0,0,0,0,Urban,24M Pristine,N,0
08/31/2017,BAML $250MM Mixed - 2017.10,101043686,1,91200,71254.87,0,0,0,114000,114000,09/23/2017,195000,185250,0,36.54095897,36.54095897,36.54095897,N,0,5.875,539.48,539.48,04/28/2005,06/01/2005,08/01/2017,09/01/2017,05/01/2035,360,147,213,360,N,0,0,N,TX,75044,19100,Dallas-Fort Worth-Arlington TX,0,N,0,0,0,0,0,,,,,0,,FIXED,Purchase,Single Family,Limited,Owner Occupied,N,0,,N,,N,N,0,0,771,590,03/08/2017,,Current,,,3,6,12,0,0000000000000000000000000000000000000000000000000000000000000000000000000000000000000000000000000000000000000000000000000000000000000000000000000000,0,N,,0,0,0,,,,,,,,,,,0,0,0,0,0,0,0,0,0,0,Pristine 24-PER_T3_L,0,0,,0,Inactive,,,0,0,0,0,Urban,24M Pristine,N,0
08/31/2017,BAML $250MM Mixed - 2017.10,108037315,1,375000,369423.75,0,0,20000,640000,619990,09/24/2017,585000,555750,0,63.14935897,63.14935897,66.56816239,Y,0,4,1206.15,1231.930054,08/01/2005,10/01/2005,08/01/2017,09/01/2017,09/01/2045,480,143,337,480,N,163,20,Y,CA,95747,40900,Sacramento--Roseville--Arden-Arcade CA,2.25,Y,2,2,9,9,2.25,,,,05/01/2019,12,,ARM - IO,Purchase,Single Family,Alt Doc,Owner Occupied,N,0,,N,,N,Y,100,0,694,581,08/23/2017,,Current,LIBOR 1Y,,1,2,8,0,000000000000000000000000000000000000000000000000000000000000000000000000000000000000000000000000000000000000000000000000000000000000000000012340,0,Y,,0,0,0,,,,,,,,,,,0,0,0,0,0,0,0,0,0,0,Spotty     -SUB_T2_L,0,0,,0,Inactive,,,0,0,0,0,Suburban,60+ Last 6,N,0
08/31/2017,BAML $250MM Mixed - 2017.10,111784870,1,232200,203924.67,0,0,48000,400000,0,09/25/2017,300000,285000,0,67.97489,67.97489,83.97489,Y,0,4.375,1448.63,979.82,08/10/2005,10/01/2005,07/01/2017,08/01/2017,10/01/2051,553,143,410,553,N,0,0,N,CA,92308,40140,Riverside-San Bernardino-Ontario CA,0,N,0,0,0,0,0,,,,,0,,FIXED,Cash Out,2-4 Family,Full,Investment Property,N,0,,N,,N,Y,32,0,634,479,06/03/2010,,Current,,,2,5,11,1,00000000000000001101211000011111124456789ABCDDFGHIJKLMNOPQRSTUVWXYZZZZZZZZZZZZ012212222233334344431001223334444000000000000000000000001000010001,0,N,,0,0,743.4753594,,,,,,,,,,,0,0,0,0,0,0,0,0,0,0,Spotty     -SUB_T1_L,0,0,,0,Inactive,,,0,0,0,0,Suburban,30D,N,0
08/31/2017,BAML $250MM Mixed - 2017.10,116988408,1,161000,130123.59,0,0,0,248000,0,09/24/2017,189900,180405,0,68.5221643,68.5221643,68.5221643,N,0,5.625,517.84,943.84,01/24/2006,03/01/2006,07/01/2017,08/01/2017,02/01/2036,360,138,222,360,N,0,0,N,CT,6770,35300,New Haven-Milford CT,0,N,0,0,0,0,0,,,,,0,,FIXED,Cash Out,Single Family,Alt Doc,Owner Occupied,N,0,,N,,N,Y,104,0,661,651,08/21/2017,,Current,,,1,4,8,1,0000000000000000000000000000000000000000000000000000000000000000000000000000000000000000000000000001001100120000000000000000000100112012301,0,Y,,0,105,609.9543281,,,,,,,,,,,0,0,0,0,0,0,0,0,0,0,Spotty     -SUB_T2_L,0,0,,0,Inactive,,,0,0,0,0,Suburban,30D,N,0
08/31/2017,BAML $250MM Mixed - 2017.10,126578889,1,366000,240666.64,0,0,0,488000,488000,09/26/2017,479900,455905,0,50.14933111,50.14933111,50.14933111,N,0,2,2373.87,870.539978,03/27/2006,05/01/2006,07/01/2017,08/01/2017,06/01/2048,506,136,370,480,N,0,0,N,MI,48176,11460,Ann Arbor MI,0,N,0,0,0,0,0,,,,,0,,FIXED - StepRate,Cash Out,Single Family,Alt Doc,Owner Occupied,N,0,,N,,N,Y,58,1,643,634,08/01/2017,,Current,,,2,6,12,1,00000000000000000123456789ABC2345000000000000001101222232212223343456789ABCDEEF00000000111111010100111100000000011121221111111122222320001,0,N,,0,45,401.1110667,10/01/2017,10/01/2018,,,,,,,,,3,3.5,0,0,0,0,0,0,0,0,Spotty     -SUB_T1_L,0,0,,0,Inactive,,,0,0,0,0,Rural,30D,N,0
08/31/2017,BAML $250MM Mixed - 2017.10,140011753,1,69200,26252.76,0,0,0,86500,0,09/25/2017,126900,120555,0,20.68775414,20.68775414,20.68775414,N,0,7.25,631.7,631.7,07/21/2006,09/01/2006,08/01/2017,09/01/2017,08/01/2021,180,132,48,180,N,0,0,N,TX,76053,19100,Dallas-Fort Worth-Arlington TX,0,N,0,0,0,0,0,,,,,0,,FIXED,Cash Out,Single Family,Full,Owner Occupied,N,0,,N,,N,N,0,0,719,571,02/03/2017,,Current,,,3,6,12,0,0000000000000000000000000000000000000000000000000000000000000000000000000000000000000000000000000000000000000000000000000000000000000,0,N,,0,0,0,,,,,,,,,,,0,0,0,0,0,0,0,0,0,0,Pristine 24-PER_T3_L,0,0,,0,Inactive,,,0,0,0,0,Urban,24M Pristine,N,0
08/31/2017,BAML $250MM Mixed - 2017.10,144616889,1,419000,446049.86,0,0,0,527000,527000,09/22/2017,508000,482600,0,87.80509055,87.80509055,87.80509055,N,0,4,1347.67,1486.829956,07/10/2006,09/01/2006,07/01/2017,08/01/2017,08/01/2046,480,132,348,480,N,153,21,Y,CA,94541,41860,San Francisco-Oakland-Hayward CA,2.25,Y,2,2,9,9,2.25,,,,06/01/2019,12,,ARM - IO,Cash Out,PUD,Limited,Owner Occupied,N,0,,N,,N,Y,99,0,667,533,08/23/2017,,Current,LIBOR 1Y,,3,6,11,0,00100000000000001100001111212111111111121111000000000000000000000000000000000000000000000000000000000001222131,0,N,,11188.13,0,1486.832867,,,,,,,,,,,0,0,0,0,0,0,0,0,0,0,Spotty     -PER_T3_L,0,0,,0,Inactive,,,0,0,0,0,Urban,30D-MSLP0,N,0
08/31/2017,BAML $250MM Mixed - 2017.10,149520330,1,77310,71964.6,0,0,0,88000,85900,09/26/2017,78000,74100,0,92.26230769,92.26230769,92.26230769,N,0,4.625,533.97,356.66,02/28/2007,04/01/2007,09/01/2017,10/01/2017,03/01/2052,540,125,415,480,N,0,0,N,IA,52001,20220,Dubuque IA,0,N,0,0,0,0,0,,,,,0,,FIXED,Purchase,Single Family,Full,Owner Occupied,N,0,,N,,N,Y,65,0,663,587,04/20/2017,,Current,,,3,6,12,0,000000000000000000000000000000000000000000000001100012345667000000000000000000000000000000000000000000000000000000000000000000,0,N,,0,0,0,,,,,,,,,,,0,0,0,0,0,0,0,0,0,0,Pristine 24-PER_T3_L,0,0,,0,Inactive,,,0,0,0,0,Suburban,24M Pristine,N,0
08/31/2017,BAML $250MM Mixed - 2017.10,160214959,1,227000,256069.89,0,0,0,430000,0,09/25/2017,350000,332500,0,73.16282571,73.16282571,73.16282571,N,0,2.25,1885.03,823.4899902,05/21/2007,07/01/2007,08/01/2017,09/01/2017,07/01/2056,589,122,467,589,N,0,0,N,NJ,8861,35620,New York-Newark-Jersey City NY-NJ-PA,0,N,0,0,0,0,0,,,,,0,,FIXED - StepRate,Cash Out,2-4 Family,Full,Owner Occupied,N,0,,N,,N,Y,11,1,670,549,08/23/2017,,Current,,,3,6,12,0,00000000000000000000000000000012232334000000000000000123456789ABCDEFGHI%MNOPQ???UVWXYZZZZZZZZZZZZZZZZZZZZZZZZ000000000000,0,N,,242.25,1364,0,07/01/2019,07/01/2020,,,,,,,,,3.25,3.5,0,0,0,0,0,0,0,0,Pristine 12-PER_T3_L,0,0,,0,Inactive,,,0,0,0,0,Urban,12M Pristine,N,0
08/31/2017,BAML $250MM Mixed - 2017.10,168129496,1,192000,116727.37,0,0,0,295000,0,09/25/2017,440000,418000,0,26.52894773,26.52894773,26.52894773,N,0,2,980,384.18,05/03/2007,07/01/2007,08/01/2017,09/01/2017,12/01/2052,546,122,424,546,Y,120,0,N,OR,97211,38900,Portland-Vancouver-Hillsboro OR-WA,0,N,0,0,0,0,0,,,,,0,,FIXED - Balloon,Rate Term,Single Family,Limited,Owner Occupied,N,0,,N,,N,Y,51,0,702,601,08/22/2017,,Current,,,3,6,12,0,000000000000000000000000000100000000100000000001200000000001233445567895000000000000000000000000000000000000000000100000000,0,N,,0,0,0,,,,,,,,,,,0,0,0,0,0,0,0,0,0,0,Pristine 6 -PER_T2_L,0,0,,0,Inactive,,,0,0,0,0,Suburban,6M Pristine,N,0
08/31/2017,BAML $250MM Mixed - 2017.10,169933138,1,280000,159417.19,0,0,35000,350000,0,09/25/2017,429000,407550,0,37.16018415,37.16018415,45.31869231,Y,0,2,1816.07,809.210022,07/05/2007,08/01/2007,08/01/2017,09/01/2017,07/01/2037,360,121,239,360,N,0,0,N,MA,2151,14460,Boston-Cambridge-Newton MA-NH,0,N,0,0,0,0,0,,,,,0,,FIXED - StepRate,Rate Term,Single Family,Limited,Owner Occupied,N,0,,N,,N,Y,58,1,666,630,04/29/2016,,Current,,,3,6,12,0,00000000000000000000123456789ABBCCDEFGHIJJKLMNOPQRSTUVWXYZZZZZZ00000000000000000000000000000000000000000000000000000000000,0,N,,0,0,0,10/01/2017,10/01/2018,,,,,,,,,3,3.375,0,0,0,0,0,0,0,0,Pristine 24-PER_T2_L,0,0,,0,Inactive,,,0,0,0,0,Urban,24M Pristine,N,0
08/31/2017,BAML $250MM Mixed - 2017.10,170370525,1,351500,328908.42,0,0,0,375000,370000,09/23/2017,285000,270750,0,115.4064632,115.4064632,115.4064632,N,0,2,1977.19,1056.530029,08/30/2007,10/01/2007,08/01/2017,09/01/2017,04/01/2054,559,119,440,559,N,90,0,N,NV,89139,29820,Las Vegas-Henderson-Paradise NV,0,N,0,0,0,0,0,,,,,0,,FIXED - StepRate,Purchase,PUD,Limited,Owner Occupied,N,0,,N,,N,Y,29,1,730,684,08/23/2017,,Current,,,3,6,12,0,0000000000000123456789ABCDEFGHIJKLMNOPQRSTUVWXYZZZZZZZZZZZZZZZZZZZZZZZZZZZZZZZZ00001234565000000000000000000000000000000,0,N,,37.84,0,0,03/01/2020,03/01/2021,,,,,,,,,3,3.75,0,0,0,0,0,0,0,0,Pristine 24-PER_T1_H,0,0,,0,Inactive,,,0,0,0,0,Urban,24M Pristine,N,0
08/31/2017,BAML $250MM Mixed - 2017.10,175103453,1,379500,286763.24,0,0,0,425000,421704,09/25/2017,477900,454005,0,60.00486294,60.00486294,60.00486294,N,0,4,2174.22,1345.660034,12/12/2007,02/01/2008,08/01/2017,09/01/2017,01/01/2051,516,115,401,516,N,120,5,Y,WA,98030,42660,Seattle-Tacoma-Bellevue WA,0,N,0,0,0,0,0,,,,,0,,FIXED - IO - StepRate,Purchase,PUD,Full,Owner Occupied,N,0,,N,,N,Y,78,1,703,515,02/27/2017,,Current,,,3,6,12,0,010112220123456789ABCDEFGHIHIJJKLMMMN1000000000000000000000000000000000000000000000000000000000000000000000000000000,25,Y,Radian,0,0,0,01/01/2018,,,,,,,,,,4.75,0,0,0,0,0,0,0,0,0,Pristine 24-PER_T3_L,0,0,,0,Inactive,,,0,0,0,0,Urban,24M Pristine,N,0
08/31/2017,BAML $250MM Mixed - 2017.10,176076141,1,188595,246815.85,0,0,0,254000,0,09/24/2017,181900,172805,0,135.6876581,135.6876581,135.6876581,N,0,2,1454.75,908.5999756,08/17/2007,10/01/2007,07/01/2017,08/01/2017,09/01/2047,480,119,361,480,N,0,0,N,VA,23704,47260,Virginia Beach-Norfolk-Newport News VA-NC,0,N,0,0,0,0,0,,,,,0,,FIXED - StepRate,Cash Out,Single Family,Stated,Owner Occupied,N,0,,N,,N,Y,2,1,563,526,08/15/2017,,Current,,,2,3,3,1,000000000000223456789ABCDEFGH000011222233333456789ABCBCCDEFGHHIJKLLM6634434343220123456789ABCCCC00112111111234567899A001,0,N,,0,500,411.35975,06/01/2017,06/01/2020,06/01/2021,,,,,,,,2,3,4,0,0,0,0,0,0,0,Spotty     -SUB_T2_H,0,0,,0,Inactive,,,0,0,0,0,Urban,30D,N,0
08/31/2017,BAML $250MM Mixed - 2017.10,186358859,1,242500,425240.3,23232.46,0,0,450000,0,09/23/2017,369000,350550,0,121.5373333,115.2412737,121.5373333,N,0,2,1654.28,1289.48999,10/23/2008,12/01/2008,08/01/2017,09/01/2017,07/01/2057,584,105,479,584,Y,0,0,N,NYD,11729,35620,New York-Newark-Jersey City NY-NJ-PA,0,N,0,0,0,0,0,,,,,0,,FIXED - Balloon - StepRate,Cash Out,Single Family,Full,Owner Occupied,N,0,,N,,N,Y,0,1,603,623,08/23/2017,,Current,,,1,1,1,0,0000000000000001212233456789ABCDEFGHIJKLMNOPQRSTUVWXYZZZZZZZZZZZZZZZZZZZZZZZZZZZZZZZZZZZZZZZZZZZZZZZZZZZZ0,0,N,,2273.22,1545,0,07/01/2017,07/01/2020,07/01/2021,,,,,,,,2,3,3.875,0,0,0,0,0,0,0,Spotty     -SUB_T2_H,0,0,,0,Inactive,,,0,0,0,0,Urban,60+ Last 6,N,0
08/31/2017,BAML $250MM Mixed - 2017.10,187186176,1,417000,483029.38,119842.31,0,0,560000,560000,08/31/2017,604138.8137,573931.873,0,99.79025951,79.95337645,99.79025951,N,0,2,2533.74,1474.839966,01/03/2008,02/01/2008,08/01/2017,09/01/2017,02/01/2057,589,115,474,573,Y,0,0,N,NC,28717,19000,Cullowhee NC,0,N,0,0,0,0,0,,,,,0,,FIXED - Balloon - StepRate,Cash Out,Single Family,Limited,Second Home,N,0,,N,,N,Y,5,1,662,739,03/23/2016,,Current,,,3,6,6,0,000000123456789AB001234445556677889ABCDEFGHIJKLMNOPQRSTUVWXYZZZZZZZZZZZZZZZZZZZZZZZZZZZZZZZZZZZZZZZZZZZZZZZZZZ000000,0,N,,0,1070,0,02/01/2020,02/01/2021,02/01/2022,,,,,,,,3,4,4.25,0,0,0,0,0,0,0,Pristine 6 -PER_T2_L,0,0,,0,Inactive,,,0,0,0,0,Rural,6M Pristine,N,0
08/31/2017,BAML $250MM Mixed - 2017.10,187197003,1,840000,700984.8,0,0,0,1100000,1050000,09/23/2017,1205000,1144750,0,58.17301245,58.17301245,58.17301245,N,0,3.875,5588.54,4163.100098,12/28/2007,02/01/2008,09/01/2017,10/01/2017,01/01/2038,360,115,245,360,N,0,0,N,TX,78669,12420,Austin-Round Rock TX,2.25,Y,5,2,12,12,2.25,,,,02/01/2018,12,,ARM,Purchase,PUD,Limited,Owner Occupied,N,0,,N,,N,N,0,0,732,578,08/14/2017,,Current,LIBOR 1Y,,3,6,12,0,00000000000000000000000000000000000000000000000000000000000000000000000000000000001010100000000001000011111111111000,0,N,,0,405,0,,,,,,,,,,,0,0,0,0,0,0,0,0,0,0,Spotty     -PER_T3_L,0,0,,0,Inactive,,,0,0,0,0,Suburban,30 Only Last 6,N,0
08/31/2017,BAML $250MM Mixed - 2017.10,191829975,1,962500,759588.1,0,0,0,1375000,1575000,09/25/2017,1410000,1339500,0,53.87149645,53.87149645,53.87149645,N,0,3.75,5313.8,3065.86,07/02/2008,09/01/2008,09/01/2017,10/01/2017,06/01/2057,586,108,478,586,N,106,0,N,NYD,11561,35620,New York-Newark-Jersey City NY-NJ-PA,0,N,0,0,0,0,0,,,,,0,,FIXED,Purchase,Single Family,Limited,Owner Occupied,N,0,,N,,N,Y,2,0,791,635,08/01/2017,,Current,,,3,6,6,0,01000000000000000000011001222333456789ABCDEFGHIJKLMMMN0000000000101100011123456789ABCDEFGHIJKLMNOPQRSTUTUU000,0,N,,9625.62,3100,0,,,,,,,,,,,0,0,0,0,0,0,0,0,0,0,Spotty     -PER_T2_L,0,0,,0,Inactive,,,0,0,0,0,Urban,60+ Last 6,N,0
08/31/2017,BAML $250MM Mixed - 2017.10,196488086,1,363750,363750,0,0,0,485000,0,09/22/2017,665000,631750,0,54.69924812,54.69924812,54.69924812,N,0,5.625,1705.08,1705.08,12/22/2008,02/01/2009,07/01/2017,08/01/2017,01/01/2039,360,103,257,360,N,120,17,Y,CA,94521,41860,San Francisco-Oakland-Hayward CA,0,N,0,0,0,0,0,,,,,0,,FIXED - IO,Cash Out,Single Family,Full,Owner Occupied,N,0,,N,,N,N,0,0,791,502,08/03/2017,,Current,,,2,6,12,0,00000000000000000000000000000000000000000000000000000000000011111111111111111111111111111111111111100121,0,N,,873.49,15,1705.078125,,,,,,,,,,,0,0,0,0,0,0,0,0,0,0,Spotty     -SUB_T1_L,0,0,,0,Inactive,,,0,0,0,0,Urban,30D-MSLP0,N,0
08/31/2017,BAML $250MM Mixed - 2017.10,266684995,1,232320,231985.27,0,0,0,290400,290400,09/25/2017,305000,289750,0,76.06074426,76.06074426,76.06074426,N,0,4,1109.13,1109.13,06/09/2017,08/01/2017,08/01/2017,09/01/2017,07/01/2047,360,1,359,360,N,0,0,N,OK,73142,36420,Oklahoma City OK,0,N,0,0,0,0,0,,,,,0,,FIXED,Purchase,PUD,Full,Owner Occupied,N,0,,N,,N,N,0,0,729,703,08/15/2017,,Current,,,3,6,12,0,*000,0,N,,0,0,0,,,,,,,,,,,0,0,0,0,0,0,0,0,0,0,Spotty     -PER_T1_L,0,0,,0,Inactive,,,0,0,0,0,Suburban,60+ Last 6,N,0
08/31/2017,BAML $250MM Mixed - 2017.10,272568571,1,165295,163693.46,0,0,0,210000,210000,09/26/2017,229000,217550,0,71.48186026,71.48186026,71.48186026,N,0,3.5,1181.67,1181.67,06/12/2017,08/01/2017,09/01/2017,10/01/2017,07/01/2032,180,1,179,180,N,0,0,N,IL,60446,16980,Chicago-Naperville-Elgin IL-IN-WI,0,N,0,0,0,0,0,,,,,0,,FIXED,Cash Out,PUD,Alt Doc,Owner Occupied,N,0,,N,,N,N,0,0,708,708,08/23/2017,,Current,,,3,6,12,0,*000,0,N,,0,0,0,,,,,,,,,,,0,0,0,0,0,0,0,0,0,0,Spotty     -PER_T1_L,0,0,,0,Inactive,,,0,0,0,0,Urban,60+ Last 6,N,0
08/31/2017,BAML $250MM Mixed - 2017.10,273015982,1,174000,173263.6,0,0,0,260000,260000,09/25/2017,250000,237500,0,69.30544,69.30544,69.30544,N,0,3.5,1243.9,1243.9,06/14/2017,08/01/2017,08/01/2017,09/01/2017,07/01/2032,180,1,179,180,N,0,0,N,IL,60156,16980,Chicago-Naperville-Elgin IL-IN-WI,0,N,0,0,0,0,0,,,,,0,,FIXED,Rate Term,Single Family,Full,Owner Occupied,N,0,,N,,N,N,0,0,669,723,08/17/2017,,Current,,,3,6,12,0,*000,0,N,,0,0,0,,,,,,,,,,,0,0,0,0,0,0,0,0,0,0,Spotty     -PER_T1_L,0,0,,0,Inactive,,,0,0,0,0,Urban,60+ Last 6,N,0
08/31/2017,BAML $250MM Mixed - 2017.10,273019874,1,153000,152282.85,0,0,0,405000,405000,09/23/2017,419000,398050,0,36.34435561,36.34435561,36.34435561,N,0,4,927.15,927.15,06/22/2017,08/01/2017,08/01/2017,09/01/2017,07/01/2037,240,1,239,240,N,0,0,N,CA,91722,31080,Los Angeles-Long Beach-Anaheim CA,0,N,0,0,0,0,0,,,,,0,,FIXED,Cash Out,Single Family,Alt Doc,Owner Occupied,N,0,,N,,N,N,0,0,726,738,08/15/2017,,Current,,,3,6,12,0,*000,0,N,,0,0,0,,,,,,,,,,,0,0,0,0,0,0,0,0,0,0,Spotty     -PER_T1_L,0,0,,0,Inactive,,,0,0,0,0,Urban,60+ Last 6,N,0
08/31/2017,BAML $250MM Mixed - 2017.10,870145678,1,271633,239088.82,0,0,0,345000,339541,09/24/2017,395500,375725,0,60.4522933,60.4522933,60.4522933,N,0,7.25,1853,1853.02,08/28/2008,10/01/2008,07/01/2017,08/01/2017,09/01/2038,360,107,253,360,N,0,0,N,TX,75081,19100,Dallas-Fort Worth-Arlington TX,0,N,0,0,0,0,0,,,,,0,,FIXED,Purchase,Single Family,Alt Doc,Owner Occupied,N,0,,N,,N,N,0,0,736,474,03/08/2017,,Current,,,2,5,12,0,000000000000000000000000000000000000000000000000000000000000000000000000000000000000000000000001000000000111,0,N,,109.81,0,1444.494954,,,,,,,,,,,0,0,0,0,0,0,0,0,0,0,Spotty     -SUB_T1_L,0,0,,0,Inactive,,,0,0,0,0,Urban,30D-MSLP0,N,0
08/31/2017,BAML $250MM Mixed - 2017.10,870195555,1,1279217,784157,0,0,0,1600000,1623377,09/24/2017,1500000,1425000,0,52.27713333,52.27713333,52.27713333,N,0,2,6662.59,2574.01001,09/28/2007,11/01/2008,09/01/2017,10/01/2017,09/01/2053,539,106,433,539,N,0,0,N,SC,29464,16700,Charleston-North Charleston SC,0,N,0,0,0,0,0,,,,,0,,FIXED - StepRate,Purchase,Single Family,Full,Owner Occupied,N,0,,N,,N,Y,45,1,760,683,08/05/2017,,Current,,,3,6,12,0,00111223456787899AABBBCDEFGHIJKLMNOPQRSTUVVWWWX000000000000000000000000000000000000000000000,0,N,,0,0,0,08/01/2018,08/01/2019,08/01/2020,,,,,,,,3,4,4.58,0,0,0,0,0,0,0,Pristine 24-PER_T1_L,0,0,,0,Inactive,,,0,0,0,0,Suburban,24M Pristine,N,0
08/31/2017,BAML $250MM Mixed - 2017.10,870306263,1,96324,81598.29,0,0,0,102000,101394,09/25/2017,135000,128250,0,60.44317778,60.44317778,60.44317778,N,0,6.625,617,616.78,08/15/2007,10/01/2007,08/01/2017,09/01/2017,09/01/2037,360,119,241,360,N,0,0,N,KS,67147,48620,Wichita KS,0,N,0,0,0,0,0,,,,,0,,FIXED,Purchase,Single Family,Full,Owner Occupied,N,0,,N,,N,N,0,0,636,595,08/23/2017,,Current,,,3,6,12,0,000000000000000000000000000000000000000000000000000000000000000000000000000000000000000000000000000010000000000100000000,0,Y,,0,0,0,,,,,,,,,,,0,0,0,0,0,0,0,0,0,0,Pristine 6 -PER_T3_L,0,0,,0,Inactive,,,0,0,0,0,Rural,6M Pristine,N,0
08/31/2017,BAML $250MM Mixed - 2017.10,870309088,1,151000,118241.62,0,0,0,170000,159000,09/24/2017,153000,145350,0,77.28210458,77.28210458,77.28210458,N,0,2,954.43,412.5599976,11/15/2002,01/01/2003,08/01/2017,09/01/2017,02/01/2050,566,176,390,566,N,0,0,N,ME,4981,,,0,N,0,0,0,0,0,,,,,0,,FIXED - StepRate,Purchase,Single Family,Unknown,Owner Occupied,N,0,,N,,N,Y,7,1,709,712,11/23/2015,,Current,,,3,6,9,0,00000000000000000000000000000000000000000000000000000000000000000000000001201000000000000000000000000000000000000000000000000123456600000000,0,N,,0,475,0,01/01/2022,01/01/2023,01/01/2024,,,,,,,,3,4,4.375,0,0,0,0,0,0,0,Pristine 6 -PER_T2_L,0,0,,0,Inactive,,,0,0,0,0,Rural,6M Pristine,N,0
08/31/2017,BAML $250MM Mixed - 2017.10,870312181,1,115840,100395.24,0,0,28960,145000,144800,09/23/2017,231000,219450,0,43.46114286,43.46114286,55.99793939,Y,0,7.375,800,800.08,08/10/2007,10/01/2007,08/01/2017,09/01/2017,09/01/2037,360,119,241,360,N,0,0,N,TX,76009,19100,Dallas-Fort Worth-Arlington TX,0,N,0,0,0,0,0,,,,,0,,FIXED,Purchase,Single Family,Full,Owner Occupied,N,0,,N,,N,N,0,0,634,504,03/02/2017,,Current,,,3,6,12,0,000000000000000000000000000000000000000000000000000000000000000000000000000000000000000000000000000000000000000000000000,0,N,,0,0,0,,,,,,,,,,,0,0,0,0,0,0,0,0,0,0,Pristine 24-PER_T3_L,0,0,,0,Inactive,,,0,0,0,0,Rural,24M Pristine,N,0
08/31/2017,BAML $250MM Mixed - 2017.10,870313730,1,359000,358514.09,0,0,100000,820000,0,09/25/2017,840000,798000,0,42.68024881,42.68024881,54.58501071,Y,0,4.75,1682.81,1670.98,04/20/2007,06/01/2007,08/01/2017,09/01/2017,07/01/2057,602,123,479,602,N,122,0,N,CA,95073,42100,Santa Cruz-Watsonville CA,0,N,0,0,0,0,0,,,,,0,,FIXED,Rate Term,Single Family,Full,Owner Occupied,N,0,,N,,N,Y,1,0,759,472,08/24/2017,,Current,,,3,6,12,0,0000000000000000000000000000000000000000000000000000000000000000000000000000000000000000000000000000000000000000000000000000,0,N,,0,535,0,,,,,,,,,,,0,0,0,0,0,0,0,0,0,0,Pristine 24-PER_T3_L,0,0,,0,Inactive,,,0,0,0,0,Suburban,24M Pristine,N,0
08/31/2017,BAML $250MM Mixed - 2017.10,870324404,1,284000,276030.03,0,0,0,355000,0,09/23/2017,316500,300675,0,87.21327962,87.21327962,87.21327962,N,0,2.25,1479.17,1510.290039,04/20/2006,06/01/2006,09/01/2017,10/01/2017,05/01/2036,360,135,225,360,N,120,0,N,CA,90802,31080,Los Angeles-Long Beach-Anaheim CA,0,N,0,0,0,0,0,,,,,0,,FIXED - StepRate,Cash Out,Condo,Full,Owner Occupied,N,0,,N,,N,Y,7,1,710,667,07/22/2016,,Current,,,3,6,9,0,0000000000000000000000000000000000000000000000000000000000000000000000000000000000000000000000000000000000000001100000000000123300000000,0,N,,0,0,0,01/01/2022,01/01/2023,01/01/2024,,,,,,,,3.25,4.25,4.375,0,0,0,0,0,0,0,Pristine 6 -PER_T2_L,0,0,,0,Inactive,,,0,0,0,0,Urban,6M Pristine,N,0
08/31/2017,BAML $250MM Mixed - 2017.10,870335785,1,232000,211130.89,0,0,29000,290000,0,09/24/2017,325000,308750,0,64.96335077,64.96335077,73.88642769,Y,0,3,1232.5,816.2000122,05/07/2007,07/01/2007,08/01/2017,09/01/2017,05/01/2052,539,122,417,539,N,120,0,N,CA,95822,40900,Sacramento--Roseville--Arden-Arcade CA,0,N,0,0,0,0,0,,,,,0,,FIXED - StepRate,Cash Out,Single Family,Full,Owner Occupied,N,0,,N,,N,Y,63,1,682,573,02/20/2017,,Current,,,3,6,12,0,000000000000000000000000000000000000000000000000000000000000000000000000000000000000000000000000000000000000000000000000000,0,N,,0,175,0,05/01/2017,05/01/2018,05/01/2019,,,,,,,,3,4,4.125,0,0,0,0,0,0,0,Pristine 24-PER_T3_L,0,0,,0,Inactive,,,0,0,0,0,Urban,24M Pristine,N,0
08/31/2017,BAML $250MM Mixed - 2017.10,870339696,1,207600,141565.65,0,0,108600,310000,310000,09/24/2017,410000,389500,0,34.52820732,34.52820732,61.0160122,Y,0,3.875,1124,614.08,01/30/2008,03/01/2008,09/01/2017,10/01/2017,02/01/2048,480,114,366,545,Y,0,0,N,CA,91601,31080,Los Angeles-Long Beach-Anaheim CA,0,N,0,0,0,0,0,,,,,0,,FIXED - Balloon,Purchase,Condo,Full,Owner Occupied,N,0,,N,,N,Y,48,0,670,680,08/23/2017,,Current,,,3,6,12,0,00000000000000000000000000000000000000000000010011122345667889A89A1000000000000000000000000000000000000000000000000,0,N,,0,0,0,,,,,,,,,,,0,0,0,0,0,0,0,0,0,0,Pristine 24-PER_T1_L,0,0,,0,Inactive,,,0,0,0,0,Suburban,24M Pristine,N,0
08/31/2017,BAML $250MM Mixed - 2017.10,870602447,1,94500,87998.12,0,0,0,105000,105000,09/23/2017,65000,61750,0,135.3817231,135.3817231,135.3817231,N,0,4.375,629,388.56,11/10/2006,01/01/2007,08/01/2017,09/01/2017,08/01/2057,608,128,480,608,N,0,0,N,FL,32505,37860,Pensacola-Ferry Pass-Brent FL,0,N,0,0,0,0,0,,,,,0,,FIXED,Cash Out,Single Family,Full,Owner Occupied,N,0,,N,,N,Y,0,0,672,590,08/23/2017,,Current,,,3,4,9,0,000000000000000000000000101223344556777777878778000000111000000000000000000000000000000000000000000000000000000000000000011123330,25,Y,UGI,0,125,0,,,,,,,,,,,0,0,0,0,0,0,0,0,0,0,Spotty     -SUB_T1_H,0,0,,0,Inactive,,,0,0,0,0,Suburban,60+ Last 6,N,0
08/31/2017,BAML $250MM Mixed - 2017.10,870632678,1,301600,124309.56,0,0,0,318000,318000,09/23/2017,215000,204250,0,57.8184,57.8184,57.8184,N,0,2,1784,420.3,05/01/2007,07/01/2007,07/01/2017,08/01/2017,07/01/2051,529,122,407,529,N,0,0,N,MD,20785,47900,Washington-Arlington-Alexandria DC-VA-MD-WV,0,N,0,0,0,0,0,,,,,0,,FIXED,Rate Term,Single Family,Full,Owner Occupied,N,0,,N,,N,Y,30,0,620,612,08/01/2017,,Current,,,2,6,12,1,00000000120123001231234556789ABCDEEFFFGGHHIIJKJ001100001011111234456001223256789ABCDEFGHIJKK0011234450100011122211222000001,0,N,,0,75,207.1826,,,,,,,,,,,0,0,0,0,0,0,0,0,0,0,Spotty     -SUB_T1_L,0,0,,0,Inactive,,,0,0,0,0,Urban,30D,N,0
08/31/2017,BAML $250MM Mixed - 2017.10,870642047,1,238019,123263.69,0,0,0,325000,0,09/25/2017,236000,224200,0,52.23037712,52.23037712,52.23037712,N,0,7,1584,953.84,07/13/2007,09/01/2007,07/01/2017,08/01/2017,08/01/2037,360,120,240,360,N,0,0,N,AZ,86401,29420,Lake Havasu City-Kingman AZ,0,N,0,0,0,0,0,,,,,0,,FIXED,Cash Out,Single Family,Full,Owner Occupied,N,0,,N,,N,Y,59,0,675,657,04/23/2012,,Current,,,2,5,11,0,000000000000000000000000123455677889ABCDEFGHIJKLMNOPQRSTUVWWX000000000000000000000000000000000000011000000010100100010121,0,N,,0,30,719.0381917,,,,,,,,,,,0,0,0,0,0,0,0,0,0,0,Spotty     -SUB_T1_L,0,0,,0,Inactive,,,0,0,0,0,Rural,30D-MSLP0,N,0
08/31/2017,BAML $250MM Mixed - 2017.10,870652947,1,880000,937651.34,0,0,52400,1000000,1000000,09/26/2017,655000,622250,0,143.1528763,143.1528763,151.1528763,Y,0,7.375,6078,6208.05,08/29/2007,10/01/2007,07/01/2017,08/01/2017,05/01/2053,548,119,429,548,N,0,0,N,NV,89131,29820,Las Vegas-Henderson-Paradise NV,0,N,0,0,0,0,0,,,,,0,,FIXED,Rate Term,Single Family,Full,Owner Occupied,N,0,,N,,N,Y,2,0,670,583,08/23/2017,,Current,,,2,3,7,0,000000000122222345600000111134445434567676780000000000100000001122211212211122222334555550001234566500000001001123445011,25,Y,GE,2237.98,0,5762.64886,,,,,,,,,,,0,0,0,0,0,0,0,0,0,0,Spotty     -SUB_T2_H,0,0,,0,Inactive,,,0,0,0,0,Urban,30D-MSLP0,N,0
08/31/2017,BAML $250MM Mixed - 2017.10,870726828,1,368000,360188.15,0,0,46000,460000,0,09/26/2017,346000,328700,0,104.1006214,104.1006214,117.3954191,Y,0,4,1955,2213.040039,01/05/2007,03/01/2007,07/01/2017,08/01/2017,02/01/2037,360,126,234,360,N,120,0,N,CA,93926,41500,Salinas CA,2.25,Y,5,2,11.375,11.375,2.25,,,,03/01/2018,12,,ARM,Rate Term,Single Family,Stated,Owner Occupied,N,0,,N,,N,N,0,0,738,608,08/01/2017,,Current,LIBOR 1Y,,2,5,11,0,0000000000000000000000000000000000000000000000000000000000000000000000000000000000000000000000000000000000000000000001000000011,0,Y,,0,190,1200.627167,,,,,,,,,,,0,0,0,0,0,0,0,0,0,0,Spotty     -SUB_T1_H,0,0,,0,Inactive,,,0,0,0,0,Rural,30D-MSLP0,N,0
08/31/2017,BAML $250MM Mixed - 2017.10,870771171,1,84608,65705.43,0,0,0,95000,87225,09/25/2017,144000,136800,0,45.62877083,45.62877083,45.62877083,N,0,5.75,494,493.75,10/27/2005,12/01/2005,09/01/2017,10/01/2017,11/01/2035,360,141,219,360,N,0,0,N,TX,76148,19100,Dallas-Fort Worth-Arlington TX,0,N,0,0,0,0,0,,,,,0,,FIXED,Purchase,Single Family,Full,Owner Occupied,N,0,,N,,N,N,0,0,630,668,08/18/2017,,Current,,,3,6,12,0,00000000000000000000000000000000000000000000000000000000000000000000000010000000000000000000000000000000000000000000000000000000000000000000,0,N,,0,0,0,,,,,,,,,,,0,0,0,0,0,0,0,0,0,0,Pristine 24-PER_T1_L,0,0,,0,Inactive,,,0,0,0,0,Suburban,24M Pristine,N,0
08/31/2017,BAML $250MM Mixed - 2017.10,870784193,1,180000,103928.07,0,0,0,189000,180000,09/24/2017,184900,175655,0,56.20771769,56.20771769,56.20771769,N,0,3.25,1079,445.2999878,08/14/2006,10/01/2006,07/01/2017,08/01/2017,12/01/2048,507,131,376,507,N,0,0,N,MA,1107,44140,Springfield MA,0,N,0,0,0,0,0,,,,,0,,FIXED - StepRate,Purchase,Single Family,Full,Owner Occupied,N,0,,N,,N,Y,50,1,611,446,08/26/2017,,Current,,,3,6,12,0,000000000000000100101222334567111111121000001111222222110111101221223456789ABCDDE000000000010000100001000101111211011111111211121231,0,N,,646.44,120,281.4718563,06/01/2018,,,,,,,,,,3.375,0,0,0,0,0,0,0,0,0,Spotty     -PER_T3_L,0,0,,0,Inactive,,,0,0,0,0,Urban,30D-MSLP0,N,0
08/31/2017,BAML $250MM Mixed - 2017.10,870836594,1,380000,152283.67,0,0,0,381000,380000,09/25/2017,255000,242250,0,59.71908627,59.71908627,59.71908627,N,0,2,2058.33,541.48,04/19/2007,06/01/2007,08/01/2017,09/01/2017,04/01/2049,503,123,380,503,N,0,0,N,NJ,7644,35620,New York-Newark-Jersey City NY-NJ-PA,0,N,0,0,0,0,0,,,,,0,,FIXED,Purchase,Condo,Full,Owner Occupied,N,0,,N,,N,Y,30,0,773,696,08/09/2017,,Current,,,3,6,12,0,000000000000000000110000000000000000000011234566789ABCDEFGHIJKLMNOOPPQRSTUVWXYZZZZZZZZZZZZZZZ0000000000000000000000000000000,0,N,,0,410,0,,,,,,,,,,,0,0,0,0,0,0,0,0,0,0,Pristine 24-PER_T1_L,0,0,,0,Inactive,,,0,0,0,0,Urban,24M Pristine,N,0
08/31/2017,BAML $250MM Mixed - 2017.10,870918244,1,286100,246861.67,0,0,0,360000,315000,09/25/2017,339000,322050,0,72.82055162,72.82055162,72.82055162,N,0,2,1785,907.4799805,09/07/2006,11/01/2006,08/01/2017,09/01/2017,08/01/2048,502,130,372,502,N,0,0,N,NYD,11691,35620,New York-Newark-Jersey City NY-NJ-PA,0,N,0,0,0,0,0,,,,,0,,FIXED - StepRate,Purchase,Single Family,Full,Owner Occupied,N,0,,N,,N,Y,50,1,645,683,08/28/2017,,Current,,,3,6,12,0,0000000000000000000000000000000000000000123110000000012222222222223444566678999A000000000000000000000000000000000000000000000000000,0,N,,333.68,9713.5,0,05/01/2018,05/01/2019,,,,,,,,,3,3.375,0,0,0,0,0,0,0,0,Pristine 24-PER_T1_L,0,0,,0,Inactive,,,0,0,0,0,Urban,24M Pristine,N,0
08/31/2017,BAML $250MM Mixed - 2017.10,870936616,1,245400,263949.66,0,0,30000,410200,0,09/24/2017,398000,378100,0,66.31901005,66.31901005,73.85669849,Y,0,4.125,1393,1165.790039,08/26/2005,10/01/2005,08/01/2017,09/01/2017,09/01/2035,360,143,217,582,Y,0,0,N,CA,94547,41860,San Francisco-Oakland-Hayward CA,0,N,0,0,0,0,0,,,,,0,,FIXED - Balloon - StepRate,Rate Term,Condo,Limited,Owner Occupied,N,0,,N,,N,Y,41,1,691,504,12/21/2010,,Current,,,3,6,12,0,0000000000000000000000000000000000111110000000000000123456789ABCDEEEEFGHIJKLMNOPQRSTUVWXYZZZZZZZZZ000000000000000001012222222222211111100000,0,N,,0,0,0,03/01/2018,,,,,,,,,,4.375,0,0,0,0,0,0,0,0,0,Spotty     -PER_T3_L,0,0,,0,Inactive,,,0,0,0,0,Urban,30 Only Last 6,N,0
08/31/2017,BAML $250MM Mixed - 2017.10,870970104,1,322500,272176.71,0,0,0,415000,412500,09/25/2017,236000,224200,0,115.3291144,115.3291144,115.3291144,N,0,3,1578.91,1018.109985,08/04/2006,10/01/2006,08/01/2017,09/01/2017,06/01/2054,573,131,442,573,N,93,0,N,CA,95667,40900,Sacramento--Roseville--Arden-Arcade CA,0,N,0,0,0,0,0,,,,,0,,FIXED - StepRate,Purchase,Single Family,Full,Owner Occupied,N,0,,N,,N,Y,38,1,701,706,08/23/2017,,Current,,,3,6,12,0,000000000000000000000000000000000000000000000000000000000000000000000001110012233440120123445000000001000001101000000010000000010000,0,N,,289.26,0,0,06/01/2017,06/01/2018,06/01/2019,,,,,,,,3,4,4.125,0,0,0,0,0,0,0,Spotty     -PER_T1_H,0,0,,0,Inactive,,,0,0,0,0,Rural,30 Only Last 6,N,0
08/31/2017,BAML $250MM Mixed - 2017.10,871022582,1,188465,149454.99,0,0,0,219000,218468,09/24/2017,240000,228000,0,62.2729125,62.2729125,62.2729125,N,0,4.625,1115,998.5200195,10/17/2006,12/01/2006,07/01/2017,08/01/2017,02/01/2037,363,129,234,363,N,0,0,N,NC,27526,39580,Raleigh NC,0,N,0,0,0,0,0,,,,,0,,FIXED - StepRate,Purchase,Single Family,Full,Owner Occupied,N,0,,N,,N,Y,85,1,498,518,08/26/2017,,Current,,,3,6,12,0,0000000011112222223011112323334456789ABCDCCC11112232321100001000001111122221111012345556782100000000000000011110111111112222222111,0,N,,0,15,576.0244406,06/01/2017,,,,,,,,,,4.625,0,0,0,0,0,0,0,0,0,Spotty     -PER_T3_L,0,0,,0,Inactive,,,0,0,0,0,Rural,30D-MSLP0,N,0
08/31/2017,BAML $250MM Mixed - 2017.10,871024401,1,397000,109961.66,0,0,0,430000,417000,09/23/2017,560000,532000,0,19.63601071,19.63601071,19.63601071,N,0,5.625,2285,2285.36,06/18/2007,08/01/2007,07/01/2017,08/01/2017,07/01/2037,360,121,239,360,N,0,0,N,VA,22043,47900,Washington-Arlington-Alexandria DC-VA-MD-WV,0,N,0,0,0,0,0,,,,,0,,FIXED,Purchase,Single Family,Full,Owner Occupied,N,0,,N,,N,N,0,0,660,580,08/24/2017,,Current,,,3,5,12,0,00000000000000000000000000000000000000000000000000000000010000000000000000000000000000000000000000000000000101001010121231,0,N,,0,45,515.4452813,,,,,,,,,,,0,0,0,0,0,0,0,0,0,0,Spotty     -PER_T3_L,0,0,,0,Inactive,,,0,0,0,0,Urban,30D-MSLP0,N,0
08/31/2017,BAML $250MM Mixed - 2017.10,871049696,1,353150,330672.44,0,0,100000,1305000,0,08/31/2017,1183052.877,1123900.233,0,27.95077434,27.95077434,36.4034819,Y,0,3.375,2232,1345.630005,03/29/2007,06/01/2007,07/01/2017,08/01/2017,10/01/2052,545,123,422,545,N,0,0,N,CA,93012,37100,Oxnard-Thousand Oaks-Ventura CA,0,N,0,0,0,0,0,,,,,0,,FIXED,Cash Out,Single Family,Limited,Owner Occupied,N,0,,N,,N,Y,43,0,658,629,08/23/2017,,Current,,,3,6,11,0,0000000000000000000000000123456789ABCDEFGHIJKLMNOPQQRRSSTTUVWXYZZZZZZZZZZZZZZZZZ00000000000000000110112111111010111111111111,0,N,,0,30,930.0162375,,,,,,,,,,,0,0,0,0,0,0,0,0,0,0,Spotty     -PER_T2_L,0,0,,0,Inactive,,,0,0,0,0,Suburban,30D-MSLP0,N,0
08/31/2017,BAML $250MM Mixed - 2017.10,871063681,1,238000,210410.01,0,0,0,240000,238000,09/23/2017,262000,248900,0,80.30916412,80.30916412,80.30916412,N,0,3.875,1310,977.3400269,01/14/2008,03/01/2008,08/01/2017,09/01/2017,08/01/2049,498,114,384,498,N,0,0,N,NV,89141,29820,Las Vegas-Henderson-Paradise NV,0,N,0,0,0,0,0,,,,,0,,FIXED - StepRate,Purchase,Single Family,Full,Owner Occupied,N,0,,N,,N,Y,97,1,0,428,03/16/2017,,Current,,,3,6,12,0,0000000000000000100000000000000000000000000000000000000000000000000000000000000000000000000000000000000000000000000,0,N,,0,0,0,05/01/2017,,,,,,,,,,3.875,0,0,0,0,0,0,0,0,0,Pristine 24-PER_T3_L,0,0,,0,Inactive,,,0,0,0,0,Urban,24M Pristine,N,0
08/31/2017,BAML $250MM Mixed - 2017.10,871080516,1,318000,186919.71,75986.63,0,0,320000,318000,09/26/2017,249000,236550,0,105.5848755,75.06815663,105.5848755,N,0,2,1984,571.5499878,10/10/2006,12/01/2006,08/01/2017,09/01/2017,05/01/2057,606,129,477,606,Y,0,0,N,NJ,7631,35620,New York-Newark-Jersey City NY-NJ-PA,0,N,0,0,0,0,0,,,,,0,,FIXED - Balloon - StepRate,Purchase,Condo,Full,Owner Occupied,N,0,,N,,N,Y,3,1,603,714,08/22/2017,,Current,,,3,5,9,0,0000000000000000000000000000000000000000000000000000000000000000000000000000000000000000000000000000000000000000000000000012230000,0,N,,534.29,830,0,05/01/2017,05/01/2022,05/01/2023,05/01/2024,,,,,,,2,3,4,4.125,0,0,0,0,0,0,Spotty     -PER_T2_H,0,0,,0,Inactive,,,0,0,0,0,Urban,60+ Last 6,N,0
08/31/2017,BAML $250MM Mixed - 2017.10,871096030,1,112900,105885.28,0,0,0,113000,112900,09/23/2017,65000,61750,0,162.9004308,162.9004308,162.9004308,N,0,4.25,693.86,519.79,08/31/2007,10/01/2007,07/01/2017,08/01/2017,09/01/2047,480,119,361,480,N,66,0,N,MO,63111,41180,St. Louis MO-IL,0,N,0,0,0,0,0,,,,,0,,FIXED,Purchase,Single Family,Full,Owner Occupied,N,0,,N,,N,Y,53,0,576,461,03/20/2017,,Current,,,3,5,11,0,000000000000000000000001100000000001100100000000000000000000000010000000000000000000000000000000000000000000011010011111,0,N,,0,15,375.0103667,,,,,,,,,,,0,0,0,0,0,0,0,0,0,0,Spotty     -PER_T3_H,0,0,,0,Inactive,,,0,0,0,0,Urban,30D-MSLP0,N,0
08/31/2017,BAML $250MM Mixed - 2017.10,871131399,1,406250,334070.76,0,0,0,492000,0,09/25/2017,530000,503500,0,63.03221887,63.03221887,63.03221887,N,0,6.25,2501,2501.36,03/22/2007,05/01/2007,07/01/2017,08/01/2017,04/01/2037,360,124,236,360,N,0,0,N,MA,2125,14460,Boston-Cambridge-Newton MA-NH,0,N,0,0,0,0,0,,,,,0,,FIXED,Rate Term,2-4 Family,Full,Owner Occupied,N,0,,N,,N,N,0,0,678,585,08/14/2017,,Current,,,3,6,12,0,00000000000000000000000000000000000001100000000000001000000000000000000000000000001111111111111111111111111110111221111112311,0,N,,0,185,1739.951875,,,,,,,,,,,0,0,0,0,0,0,0,0,0,0,Spotty     -PER_T3_L,0,0,,0,Inactive,,,0,0,0,0,Suburban,30D-MSLP0,N,0
08/31/2017,BAML $250MM Mixed - 2017.10,871140606,1,150000,122380.8,0,0,0,183000,150000,09/26/2017,124900,118655,0,97.98302642,97.98302642,97.98302642,N,0,6.5,948,948.11,10/03/2006,12/01/2006,08/01/2017,09/01/2017,11/01/2036,360,129,231,360,N,0,0,N,NJ,7062,35620,New York-Newark-Jersey City NY-NJ-PA,0,N,0,0,0,0,0,,,,,0,,FIXED,Purchase,Single Family,Full,Owner Occupied,N,0,,N,,N,N,0,0,653,573,04/14/2017,,Current,,,3,6,12,0,0000000000000000000000000000000000000000001122345678343333333333330000000000000000000000000000000000000000000000000000000000000000,0,N,,3792.42,0,0,,,,,,,,,,,0,0,0,0,0,0,0,0,0,0,Pristine 24-PER_T3_L,0,0,,0,Inactive,,,0,0,0,0,Urban,24M Pristine,N,0
08/31/2017,BAML $250MM Mixed - 2017.10,871217717,1,179900,133736.65,0,0,0,181000,179900,09/23/2017,185000,175750,0,72.29008108,72.29008108,72.29008108,N,0,4.75,1036,990.85,04/28/2005,06/01/2005,09/01/2017,10/01/2017,05/01/2035,360,147,213,360,N,0,0,N,MD,21620,,,0,N,0,0,0,0,0,,,,,0,,FIXED,Purchase,Single Family,Full,Owner Occupied,N,0,,N,,N,Y,82,0,660,641,08/03/2017,,Current,,,3,6,12,0,00000000000000000000000000000000001101112122333221223233401112343300010011222211000000000111111100122222222111111000000111101111110011000000,33,Y,PMI,0,15,0,,,,,,,,,,,0,0,0,0,0,0,0,0,0,0,Pristine 6 -PER_T2_L,0,0,,0,Inactive,,,0,0,0,0,Rural,6M Pristine,N,0
08/31/2017,BAML $250MM Mixed - 2017.10,871226621,1,79540,51037.82,0,0,0,85000,82000,09/26/2017,55000,52250,0,92.79603636,92.79603636,92.79603636,N,0,5.375,445,445.41,05/04/2004,07/01/2004,10/01/2017,11/01/2017,06/01/2034,360,158,202,360,N,0,0,N,NM,87002,10740,Albuquerque NM,0,N,0,0,0,0,0,,,,,0,,FIXED,Purchase,Single Family,Full,Owner Occupied,N,0,,N,,N,N,0,0,566,433,02/23/2017,,Current,,,3,6,12,0,11011011000100001122334566789AB0000000001111211000000000000000000000000000000120000000000000000000000000000000000000000000000000000000000000,0,N,,0,0,0,,,,,,,,,,,0,0,0,0,0,0,0,0,0,0,Pristine 24-PER_T3_L,0,0,,0,Inactive,,,0,0,0,0,Rural,24M Pristine,N,0
08/31/2017,BAML $250MM Mixed - 2017.10,871232907,1,173900,96008.41,0,0,0,174000,173900,09/25/2017,183000,173850,0,52.46361202,52.46361202,52.46361202,N,0,2,887.61,354.15,04/30/2007,06/01/2007,08/01/2017,09/01/2017,09/01/2047,484,123,361,484,N,94,0,N,NC,28205,16740,Charlotte-Concord-Gastonia NC-SC,0,N,0,0,0,0,0,,,,,0,,FIXED,Purchase,Single Family,Full,Owner Occupied,N,0,,N,,N,Y,30,0,509,603,08/10/2017,,Current,,,3,6,12,0,00000000000011222334444523234456789ABCDEFGHIJKLMNOPQRSTUVWXYZZZZZZZZZZZZZZZZZZZZZZZZZZZZZZZZZ0000000000000000000001111001000,0,N,,0,627.49,0,,,,,,,,,,,0,0,0,0,0,0,0,0,0,0,Spotty     -PER_T2_L,0,0,,0,Inactive,,,0,0,0,0,Suburban,30 Only Last 6,N,0
08/31/2017,BAML $250MM Mixed - 2017.10,871334564,1,680000,591579.47,0,0,0,1450000,1450000,09/25/2017,987550,938172.5,0,59.90374867,59.90374867,59.90374867,N,0,2,3914.47,1943.76001,01/26/2009,03/01/2009,08/01/2017,09/01/2017,01/01/2053,527,102,425,527,N,0,0,N,MD,21403,12580,Baltimore-Columbia-Towson MD,0,N,0,0,0,0,0,,,,,0,,FIXED - StepRate,Cash Out,Single Family,Full,Owner Occupied,N,0,,N,,N,Y,53,1,700,763,08/22/2017,,Current,,,3,6,12,0,0000000000000000000000000000000000000000000000001000000000000000000000000000000000000000000000000000000,0,N,,0,0,0,01/01/2018,01/01/2019,,,,,,,,,3,3.5,0,0,0,0,0,0,0,0,Pristine 24-PER_T1_L,0,0,,0,Inactive,,,0,0,0,0,Suburban,24M Pristine,N,0
08/31/2017,BAML $250MM Mixed - 2017.10,871413489,1,334848,179958.07,0,0,10045,335000,334848,09/23/2017,294900,280155,0,61.0234215,61.0234215,64.4296609,Y,0,4,1464.96,857.25,03/05/2007,05/01/2007,08/01/2017,09/01/2017,05/01/2051,529,124,405,529,N,49,0,N,CA,95901,49700,Yuba City CA,0,N,0,0,0,0,0,,,,,0,,FIXED - StepRate,Purchase,Single Family,Full,Owner Occupied,N,0,,N,,N,Y,75,1,617,454,05/02/2017,,Current,,,1,3,9,0,00000000000100000000000000000000000000001234567780000000000000000000000000000000000000000000000001000000000000000000000001230,0,N,,0,180.46,0,05/01/2017,05/01/2018,,,,,,,,,4,4.75,0,0,0,0,0,0,0,0,Spotty     -SUB_T2_L,0,0,,0,Inactive,,,0,0,0,0,Rural,60+ Last 6,N,0
08/31/2017,BAML $250MM Mixed - 2017.10,871415315,1,82700,59901.59,0,0,12000,93000,93000,09/25/2017,167000,158650,0,35.86921557,35.86921557,43.05484431,Y,0,5.375,463,463.1,05/19/2005,07/01/2005,07/01/2017,08/01/2017,06/01/2035,360,146,214,360,N,0,0,N,TX,75211,19100,Dallas-Fort Worth-Arlington TX,0,N,0,0,0,0,0,,,,,0,,FIXED,Purchase,Single Family,Full,Owner Occupied,N,0,,N,,N,N,0,0,608,631,08/23/2017,,Current,,,3,6,11,1,00000000000000000011221110000000001111000000001110000111111110000000000000000000001110000000011111000000000000000000000010000000001111111001,0,N,,0,0,268.3092052,,,,,,,,,,,0,0,0,0,0,0,0,0,0,0,Spotty     -PER_T2_L,0,0,,0,Inactive,,,0,0,0,0,Urban,30D,N,0
08/31/2017,BAML $250MM Mixed - 2017.10,871453831,1,130000,53965.21,0,0,0,131000,130000,09/23/2017,57000,54150,0,94.67580702,94.67580702,94.67580702,N,0,2,854,278.77,10/23/2006,12/01/2006,08/01/2017,09/01/2017,02/01/2037,363,129,234,363,N,0,0,N,VA,23607,47260,Virginia Beach-Norfolk-Newport News VA-NC,0,N,0,0,0,0,0,,,,,0,,FIXED,Purchase,Condo,Full,Owner Occupied,N,0,,N,,N,Y,30,0,592,641,08/26/2017,,Current,,,3,6,12,0,000000000000000000000000000000000000000012223456789ABCDEFGHIJKLMNOPQRSTUVWXYZZZZZZZZZZZZZZZZZZZZZZZ0000000000011000000010000000000,0,N,,0,1240,0,,,,,,,,,,,0,0,0,0,0,0,0,0,0,0,Pristine 6 -PER_T2_L,0,0,,0,Inactive,,,0,0,0,0,Urban,6M Pristine,N,0
08/31/2017,BAML $250MM Mixed - 2017.10,871476373,1,344600,260323.62,0,0,0,550000,0,09/25/2017,470000,446500,0,55.38800426,55.38800426,55.38800426,N,0,4.875,1824,1823.66,06/02/2005,07/01/2005,08/01/2017,09/01/2017,06/01/2035,360,146,214,360,N,0,0,N,CA,92105,41740,San Diego-Carlsbad CA,0,N,0,0,0,0,0,,,,,0,,FIXED,Rate Term,2-4 Family,Full,Owner Occupied,N,0,,N,,N,N,0,0,736,622,08/22/2017,,Current,,,3,6,12,0,00000000000000000000000000000000000000000000000000000000000000000000000000000000000000000000000000000000000000000000000000000000000000000000,0,N,,0,0,0,,,,,,,,,,,0,0,0,0,0,0,0,0,0,0,Pristine 24-PER_T2_L,0,0,,0,Inactive,,,0,0,0,0,Urban,24M Pristine,N,0
08/31/2017,BAML $250MM Mixed - 2017.10,871542712,1,430000,410021.38,0,0,96828,560000,0,09/23/2017,625000,593750,0,65.6034208,65.6034208,81.0959008,Y,0,2,2105.21,1525.44,01/25/2007,03/01/2007,08/01/2017,09/01/2017,05/01/2047,483,126,357,483,N,97,0,N,CA,95032,41940,San Jose-Sunnyvale-Santa Clara CA,0,N,0,0,0,0,0,,,,,0,,FIXED,Rate Term,Condo,Full,Owner Occupied,N,0,,N,,N,Y,29,0,738,693,02/22/2017,,Current,,,3,6,12,0,00000000000000000000000000000000000123456789ABCDEFGHIJKLMNOPQRSTUVWXYZZZZZZZZZZZZZZZZZZZZZZZZZZZZ000000000000000000100000000000,0,N,,0,165,0,,,,,,,,,,,0,0,0,0,0,0,0,0,0,0,Pristine 6 -PER_T1_L,0,0,,0,Inactive,,,0,0,0,0,Urban,6M Pristine,N,0
08/31/2017,BAML $250MM Mixed - 2017.10,871570985,1,152900,161195.34,0,0,0,167000,152900,09/25/2017,189000,179550,0,85.28853968,85.28853968,85.28853968,N,0,4.5,764.5,726.89,06/08/2007,07/01/2007,08/01/2017,09/01/2017,04/01/2057,598,122,476,598,N,118,0,N,GA,30188,12060,Atlanta-Sandy Springs-Roswell GA,0,N,0,0,0,0,0,,,,,0,,FIXED,Purchase,Single Family,Full,Owner Occupied,N,0,,N,,N,Y,4,0,654,591,08/28/2017,,Current,,,3,6,8,0,000000000000000000000000000000001000000000010111111111000000000000000000000000000000000000000000001122222222345678999900000,0,N,,0,400,0,,,,,,,,,,,0,0,0,0,0,0,0,0,0,0,Spotty     -PER_T3_L,0,0,,0,Inactive,,,0,0,0,0,Urban,60+ Last 6,N,0
08/31/2017,BAML $250MM Mixed - 2017.10,871742919,1,200000,165909.68,0,0,10000,210000,200000,08/31/2017,158831.11,150889.5545,0,104.4566647,104.4566647,110.7526605,Y,0,4,1183,1017.55,03/12/2007,05/01/2007,08/01/2017,09/01/2017,04/01/2037,360,124,236,360,N,0,0,N,NJ,7108,35620,New York-Newark-Jersey City NY-NJ-PA,0,N,0,0,0,0,0,,,,,0,,FIXED,Purchase,Single Family,Full,Owner Occupied,N,0,,N,,N,Y,89,0,645,498,06/04/2011,,Current,,,3,6,12,0,00000000000000000000000000000001234000121000001000000000000000000000000000000000000000000000000000000000000000000000000000000,0,N,,0,0,0,,,,,,,,,,,0,0,0,0,0,0,0,0,0,0,Pristine 24-PER_T3_H,0,0,,0,Inactive,,,0,0,0,0,Urban,24M Pristine,N,0
08/31/2017,BAML $250MM Mixed - 2017.10,871766792,1,364990,275677.85,0,0,0,375000,364990,09/23/2017,300000,285000,0,91.89261667,91.89261667,91.89261667,N,0,2.125,1786.93,1004.780029,04/30/2007,06/01/2007,08/01/2017,09/01/2017,12/01/2048,499,123,376,499,N,0,0,N,MD,21704,47900,Washington-Arlington-Alexandria DC-VA-MD-WV,0,N,0,0,0,0,0,,,,,0,,FIXED - StepRate,Purchase,Condo,Full,Owner Occupied,N,0,,N,,N,Y,42,1,598,627,08/28/2017,,Current,,,3,6,12,0,0000123222201122222331000000011001111122334444555666667787000012112223333456789AA0000000000000000000000000000000000000000000,0,N,,0,0,0,02/01/2019,02/01/2020,02/01/2021,,,,,,,,3.125,4.125,4.375,0,0,0,0,0,0,0,Pristine 24-PER_T2_L,0,0,,0,Inactive,,,0,0,0,0,Suburban,24M Pristine,N,0
08/31/2017,BAML $250MM Mixed - 2017.10,871775040,1,252800,187773.21,0,0,63200,320000,316000,09/25/2017,279900,265905,0,67.08581994,67.08581994,89.66531261,Y,0,5.875,1502.61,1111.38,07/26/2007,09/01/2007,07/01/2017,08/01/2017,08/01/2047,480,120,360,480,N,0,0,N,MD,20886,47900,Washington-Arlington-Alexandria DC-VA-MD-WV,0,N,0,0,0,0,0,,,,,0,,FIXED,Purchase,PUD,Full,Owner Occupied,N,0,,N,,N,Y,58,0,620,560,08/23/2017,,Current,,,3,5,12,0,0000000000000000000000000101111000111222212222211233456789AAAB00000000000111111111001111000000111111110000011201200012311,0,N,,0,135,919.3063406,,,,,,,,,,,0,0,0,0,0,0,0,0,0,0,Spotty     -PER_T3_L,0,0,,0,Inactive,,,0,0,0,0,Urban,30D-MSLP0,N,0
08/31/2017,BAML $250MM Mixed - 2017.10,871814519,1,417000,602046.84,159608.78,0,99800,544000,544000,09/25/2017,600000,570000,0,126.9426033,100.34114,143.5759367,Y,0,2,2636,1823.150024,08/04/2006,10/01/2006,08/01/2017,09/01/2017,08/01/2057,611,131,480,611,Y,0,0,N,CA,92069,41740,San Diego-Carlsbad CA,0,N,0,0,0,0,0,,,,,0,,FIXED - Balloon - StepRate,Purchase,Single Family,Limited,Owner Occupied,N,0,,N,,N,Y,0,1,722,488,01/23/2016,,Current,,,1,1,1,0,00000001123456789ABCDEFGHIJKLMNOPQRSTUVWXYZZZZZZZZZZZZZZZZZZZZZZZZZZZZZZZZZZZZZZZZZZZZZZZZZZZZZZZZZZZZZZZZZZZZZZZZZZZZZZZZZZZZZZZZZ0,0,N,,761.22,3073.38,0,08/01/2017,08/01/2020,08/01/2021,08/01/2022,,,,,,,2,3,4,4.5,0,0,0,0,0,0,Spotty     -SUB_T2_H,0,0,,0,Inactive,,,0,0,0,0,Urban,60+ Last 6,N,0
08/31/2017,BAML $250MM Mixed - 2017.10,871839645,1,500000,462918.31,0,0,0,1425000,0,09/25/2017,470000,446500,0,98.49325745,98.49325745,98.49325745,N,0,2,2708.33,1538.61,06/20/2006,08/01/2006,08/01/2017,09/01/2017,06/01/2052,551,133,418,551,N,71,0,N,MD,20716,47900,Washington-Arlington-Alexandria DC-VA-MD-WV,0,N,0,0,0,0,0,,,,,0,,FIXED,Cash Out,Single Family,Full,Owner Occupied,N,0,,N,,N,Y,42,0,553,518,08/14/2017,,Current,,,3,6,12,0,000000000000000000000000000000000000000000000000000000000111234445555566787888999AABBBCCCCDK000000001111220000000000000000000000000000,0,N,,0,0,0,,,,,,,,,,,0,0,0,0,0,0,0,0,0,0,Pristine 24-PER_T3_L,0,0,,0,Inactive,,,0,0,0,0,Urban,24M Pristine,N,0
08/31/2017,BAML $250MM Mixed - 2017.10,871875825,1,320000,170865.06,0,0,0,320000,320000,09/25/2017,175000,166250,0,97.63717714,97.63717714,97.63717714,N,0,2.5,1733.33,694.0700073,07/31/2006,09/01/2006,08/01/2017,09/01/2017,08/01/2046,480,132,348,480,N,0,0,N,RI,2908,39300,Providence-Warwick RI-MA,0,N,0,0,0,0,0,,,,,0,,FIXED - StepRate,Purchase,2-4 Family,Full,Owner Occupied,N,0,,N,,N,Y,56,1,641,490,03/09/2017,,Current,,,3,6,12,0,000000000000000000000000001234566000000000123456789ABCDEFGHIJKLMNOPQRSTUVWXX000000000000000000000000000000000000000000000000000000000,0,N,,0,0,0,12/01/2017,,,,,,,,,,3.375,0,0,0,0,0,0,0,0,0,Pristine 24-PER_T3_L,0,0,,0,Inactive,,,0,0,0,0,Urban,24M Pristine,N,0
08/31/2017,BAML $250MM Mixed - 2017.10,871971490,1,560000,510323.17,0,0,0,700000,700000,09/25/2017,895000,850250,0,57.0193486,57.0193486,57.0193486,N,0,3,1692.79,1966.630005,04/16/2008,06/01/2008,08/01/2017,09/01/2017,07/01/2052,530,111,419,530,N,0,0,N,CA,91765,31080,Los Angeles-Long Beach-Anaheim CA,0,N,0,0,0,0,0,,,,,0,,FIXED - StepRate,Cash Out,Condo,Full,Second Home,N,0,,N,,N,Y,60,1,771,670,08/23/2017,,Current,,,3,6,12,0,0000000000000000000000000000000000000000000000000000000000000000000000000000000000000000000000000000000000000000,0,N,,0,125,0,07/01/2017,07/01/2018,,,,,,,,,3,3.875,0,0,0,0,0,0,0,0,Pristine 24-PER_T1_L,0,0,,0,Inactive,,,0,0,0,0,Urban,24M Pristine,N,0
08/31/2017,BAML $250MM Mixed - 2017.10,872023751,1,428000,75096.5,0,0,0,428000,428000,09/25/2017,190000,180500,0,39.52447368,39.52447368,39.52447368,N,0,6,2566,542.75,03/13/2007,05/01/2007,08/01/2017,09/01/2017,04/01/2037,360,124,236,360,N,0,0,N,NJ,7201,35620,New York-Newark-Jersey City NY-NJ-PA,0,N,0,0,0,0,0,,,,,0,,FIXED,Purchase,2-4 Family,Full,Owner Occupied,N,0,,N,,N,Y,59,0,657,550,08/01/2017,,Current,,,3,6,10,0,00000000000000000000000000000001111111222233411122333222333334566000000000000000000000000000000000000000000000011222300000000,0,N,,0,0,0,,,,,,,,,,,0,0,0,0,0,0,0,0,0,0,Pristine 6 -PER_T3_L,0,0,,0,Inactive,,,0,0,0,0,Urban,6M Pristine,N,0
08/31/2017,BAML $250MM Mixed - 2017.10,872066096,1,166073,104313.98,0,0,0,175000,175000,09/24/2017,179000,170050,0,58.27596648,58.27596648,58.27596648,N,0,4.75,1050,580.6199951,10/05/2007,12/01/2007,08/01/2017,09/01/2017,06/01/2050,511,117,394,511,N,0,0,N,GA,30101,12060,Atlanta-Sandy Springs-Roswell GA,0,N,0,0,0,0,0,,,,,0,,FIXED - StepRate,Rate Term,Single Family,Limited,Owner Occupied,N,0,,N,,N,Y,84,1,655,481,01/25/2017,,Current,,,3,6,12,0,00000100000011233456789ABCDEFEFFG0000000000000000000000000000000000000000000000000000000000000001000000000000000000000,0,N,,0,0,0,06/01/2017,,,,,,,,,,4.75,0,0,0,0,0,0,0,0,0,Pristine 12-PER_T3_L,0,0,,0,Inactive,,,0,0,0,0,Urban,12M Pristine,N,0
08/31/2017,BAML $250MM Mixed - 2017.10,872080931,1,328000,207519.34,0,0,0,410000,0,09/23/2017,255000,242250,0,81.38013333,81.38013333,81.38013333,N,0,4,2127,961.9500122,06/20/2007,08/01/2007,07/01/2017,08/01/2017,12/01/2050,521,121,400,521,N,0,0,N,NJ,7801,35620,New York-Newark-Jersey City NY-NJ-PA,0,N,0,0,0,0,0,,,,,0,,FIXED - StepRate,Cash Out,Single Family,Full,Owner Occupied,N,0,,N,,N,Y,78,1,687,548,08/29/2017,,Current,,,3,6,11,0,00000000000011000001111111111112344555667780000000000000000000000000000000000000000000000000000000000000000000000011111111,0,N,,0,0,691.7311333,12/01/2017,,,,,,,,,,4.625,0,0,0,0,0,0,0,0,0,Spotty     -PER_T3_L,0,0,,0,Inactive,,,0,0,0,0,Suburban,30D-MSLP0,N,0
08/31/2017,BAML $250MM Mixed - 2017.10,872148836,1,59448,48852.29,0,0,11600,62000,0,09/25/2017,30000,28500,0,162.8409667,162.8409667,201.5076333,Y,0,5.875,352,351.66,01/23/2007,03/01/2007,08/01/2017,09/01/2017,02/01/2037,360,126,234,360,N,0,0,N,TN,38109,32820,Memphis TN-MS-AR,0,N,0,0,0,0,0,,,,,0,,FIXED,Rate Term,Single Family,Full,Owner Occupied,N,0,,N,,N,N,0,0,602,656,08/21/2017,,Current,,,3,6,12,0,0000000000000000000000000000000000000000000000000000000000000000000000000000000000000000000000000000100000000000000000000000000,0,N,,0,250,0,,,,,,,,,,,0,0,0,0,0,0,0,0,0,0,Pristine 24-PER_T2_H,0,0,,0,Inactive,,,0,0,0,0,Suburban,24M Pristine,N,0
08/31/2017,BAML $250MM Mixed - 2017.10,872237073,1,139920,91723.34,0,0,34980,175000,174900,09/25/2017,163000,154850,0,56.27198773,56.27198773,77.73211043,Y,0,2,816.54,292.9599915,03/30/2005,05/01/2005,07/01/2017,08/01/2017,01/01/2055,597,148,449,597,N,0,0,N,DE,19709,37980,Philadelphia-Camden-Wilmington PA-NJ-DE-MD,0,N,0,0,0,0,0,,,,,0,,FIXED - StepRate,Purchase,Single Family,Full,Owner Occupied,N,0,,N,,N,Y,31,1,511,592,08/01/2017,,Current,,,3,6,10,0,00000000000000000000000000000000000000000000000001111211111111100000111123344451234546323233011122223345678800000100101222010112233301012011,0,N,,0,15,152.8722333,01/01/2020,01/01/2021,,,,,,,,,3,3.875,0,0,0,0,0,0,0,0,Spotty     -PER_T3_L,0,0,,0,Inactive,,,0,0,0,0,Suburban,30D-MSLP0,N,0
08/31/2017,BAML $250MM Mixed - 2017.10,872306580,1,136000,134869.31,0,0,0,142500,136000,09/25/2017,150000,142500,0,89.91287333,89.91287333,89.91287333,N,0,6,680,814.37,12/22/2006,02/01/2007,08/01/2017,09/01/2017,01/01/2047,480,127,353,480,N,120,0,N,VA,23451,47260,Virginia Beach-Norfolk-Newport News VA-NC,0,N,0,0,0,0,0,,,,,0,,FIXED,Purchase,Single Family,Full,Owner Occupied,N,0,,N,,N,N,0,0,773,664,02/27/2017,,Current,,,3,6,12,0,00000000000000000000000000000000000000000000000000000000000000000000000000000000000000000000000000000000000000000000000000000000,0,N,,0,0,0,,,,,,,,,,,0,0,0,0,0,0,0,0,0,0,Pristine 24-PER_T1_L,0,0,,0,Inactive,,,0,0,0,0,Suburban,24M Pristine,N,0
08/31/2017,BAML $250MM Mixed - 2017.10,872332840,1,300000,298796.16,0,0,0,360000,300000,09/25/2017,315000,299250,0,94.85592381,94.85592381,94.85592381,N,0,6.875,1718.75,1713.59,09/20/2007,11/01/2007,08/01/2017,09/01/2017,10/01/2047,480,118,362,480,N,120,2,Y,VA,20111,47900,Washington-Arlington-Alexandria DC-VA-MD-WV,0,N,0,0,0,0,0,,,,,0,,FIXED - IO,Purchase,Single Family,Full,Owner Occupied,N,0,,N,,N,N,0,0,629,459,05/04/2017,,Current,,,1,3,9,0,00000000000000000000000000000120000000000000000000000000000000000000000000000000000000000000010000000000000000100011230,0,N,,0,205,0,,,,,,,,,,,0,0,0,0,0,0,0,0,0,0,Spotty     -SUB_T2_L,0,0,,0,Inactive,,,0,0,0,0,Suburban,60+ Last 6,N,0
08/31/2017,BAML $250MM Mixed - 2017.10,872378393,1,256500,179321.76,0,0,0,274000,270000,09/23/2017,260000,247000,0,68.96990769,68.96990769,68.96990769,N,0,4,1559,1228.869995,07/30/2004,09/01/2004,08/01/2017,09/01/2017,08/01/2034,360,156,204,360,N,0,0,N,CT,6492,35300,New Haven-Milford CT,0,N,0,0,0,0,0,,,,,0,,FIXED - StepRate,Purchase,Single Family,Full,Owner Occupied,N,0,,N,,N,Y,83,1,677,524,02/25/2017,,Current,,,3,6,12,0,00000000000000000000000000000000000000000000000012201222000000000000000000000000000000000000000000000000000000000000000000000000000000000000,0,N,,0,0,0,09/01/2017,,,,,,,,,,4.5,0,0,0,0,0,0,0,0,0,Pristine 24-PER_T3_L,0,0,,0,Inactive,,,0,0,0,0,Suburban,24M Pristine,N,0
08/31/2017,BAML $250MM Mixed - 2017.10,872382952,1,120000,62664.61,0,0,0,120000,120000,09/25/2017,105000,99750,0,59.68058095,59.68058095,59.68058095,N,0,4.25,650,309.99,03/16/2007,05/01/2007,08/01/2017,09/01/2017,04/01/2047,480,124,356,480,N,85,0,N,NC,28213,16740,Charlotte-Concord-Gastonia NC-SC,0,N,0,0,0,0,0,,,,,0,,FIXED,Purchase,Single Family,Full,Owner Occupied,N,0,,N,,N,Y,36,0,621,601,08/21/2017,,Current,,,3,3,8,0,00000000000000000000000000000000000000000000000000100000000000000110000000000123445555673000000000000000000000100100001234000,0,N,,0,0,0,,,,,,,,,,,0,0,0,0,0,0,0,0,0,0,Spotty     -SUB_T2_L,0,0,,0,Inactive,,,0,0,0,0,Urban,60+ Last 6,N,0
08/31/2017,BAML $250MM Mixed - 2017.10,872443636,1,109250,102787.73,0,0,0,115000,115000,09/25/2017,110000,104500,0,93.44339091,93.44339091,93.44339091,N,0,7.375,709,708.88,10/01/2007,11/01/2007,08/01/2017,09/01/2017,10/01/2047,480,118,362,480,N,0,0,N,OK,73130,36420,Oklahoma City OK,0,N,0,0,0,0,0,,,,,0,,FIXED,Purchase,Single Family,Full,Owner Occupied,N,0,,N,,N,N,0,0,687,524,03/29/2017,,Current,,,3,6,12,0,00000000000000000000000000000000000000000000000000000000000000000000000000000000000000000000000000000000000000000000000,0,Y,,0,0,0,,,,,,,,,,,0,0,0,0,0,0,0,0,0,0,Pristine 24-PER_T3_L,0,0,,0,Inactive,,,0,0,0,0,Urban,24M Pristine,N,0
08/31/2017,BAML $250MM Mixed - 2017.10,872516812,1,239900,188281.67,0,0,0,240000,239900,09/25/2017,312360,296742,0,60.27713856,60.27713856,60.27713856,N,0,3.875,1343,1159.26,11/28/2006,01/01/2007,09/01/2017,10/01/2017,12/01/2036,360,128,232,360,N,0,0,N,MA,1826,14460,Boston-Cambridge-Newton MA-NH,0,N,0,0,0,0,0,,,,,0,,FIXED,Purchase,Single Family,Full,Owner Occupied,N,0,,N,,N,Y,55,0,673,617,08/19/2017,,Current,,,3,6,12,0,000000000000000000000000000000000000000000000000000000000000000000000000000000000000000000000000000000000000000000000000000000000,0,N,,0,0,0,,,,,,,,,,,0,0,0,0,0,0,0,0,0,0,Pristine 24-PER_T2_L,0,0,,0,Inactive,,,0,0,0,0,Urban,24M Pristine,N,0
08/31/2017,BAML $250MM Mixed - 2017.10,872526906,1,160500,131142.18,0,0,0,167500,0,09/23/2017,142900,135755,0,91.7719944,91.7719944,91.7719944,N,0,4.25,1028,812.08,07/19/2007,09/01/2007,08/01/2017,09/01/2017,08/01/2037,360,120,240,360,N,0,0,N,MA,1109,44140,Springfield MA,0,N,0,0,0,0,0,,,,,0,,FIXED,Rate Term,Single Family,Full,Owner Occupied,N,0,,N,,N,Y,55,0,666,511,01/06/2017,,Current,,,3,6,12,0,0000000000000000000000000000000000000000000000000000000000000000000000000000000000000000000000000000000000000000000000000,0,N,,0,252.83,0,,,,,,,,,,,0,0,0,0,0,0,0,0,0,0,Pristine 24-PER_T3_L,0,0,,0,Inactive,,,0,0,0,0,Suburban,24M Pristine,N,0
08/31/2017,BAML $250MM Mixed - 2017.10,872564015,1,130000,120106.91,0,0,0,134000,130000,09/24/2017,135000,128250,0,88.96808148,88.96808148,88.96808148,N,0,2.125,761,372.1600037,03/29/2006,05/01/2006,08/01/2017,09/01/2017,07/01/2057,615,136,479,615,N,0,0,N,GA,30016,12060,Atlanta-Sandy Springs-Roswell GA,0,N,0,0,0,0,0,,,,,0,,FIXED - StepRate,Purchase,Single Family,Full,Owner Occupied,N,0,,N,,N,Y,0,1,592,522,08/22/2017,,Current,,,2,4,10,0,00000000000000000000000000000000000000000000000000000000000000000000000000000000000000000000000000000000010011111101001101101111011112230,0,N,,0,420,0,07/01/2017,07/01/2020,07/01/2021,,,,,,,,2.125,3.125,3.875,0,0,0,0,0,0,0,Spotty     -SUB_T1_L,0,0,,0,Inactive,,,0,0,0,0,Suburban,60+ Last 6,N,0
08/31/2017,BAML $250MM Mixed - 2017.10,872593367,1,89000,94834.68,0,0,0,126500,0,08/31/2017,117971.3995,112072.8295,0,80.38785708,80.38785708,80.38785708,N,0,5.875,526,699.79,02/21/2006,04/01/2006,08/01/2017,09/01/2017,03/01/2036,360,137,223,360,N,0,0,N,PA,16823,44300,State College PA,0,N,0,0,0,0,0,,,,,0,,FIXED,Rate Term,Single Family,Full,Owner Occupied,N,0,,N,,N,Y,55,0,729,595,08/26/2017,,Current,,,2,4,10,0,0000000000000000000011112123334545600123456789ABCDEF7789ABCDEFGHHIJKLMNOPQRSTUVVVV00000000000000000000000000001001111110001011111111222230,0,N,,0,0,0,,,,,,,,,,,0,0,0,0,0,0,0,0,0,0,Spotty     -SUB_T1_L,0,0,,0,Inactive,,,0,0,0,0,Rural,60+ Last 6,N,0
08/31/2017,BAML $250MM Mixed - 2017.10,872667684,1,132362,62937.91,0,0,0,133000,132362,09/25/2017,81500,77425,0,77.22442945,77.22442945,77.22442945,N,0,4,772,457.61,04/20/2007,06/01/2007,08/01/2017,09/01/2017,08/01/2037,363,123,240,363,N,0,0,N,GA,30315,12060,Atlanta-Sandy Springs-Roswell GA,0,N,0,0,0,0,0,,,,,0,,FIXED,Purchase,PUD,Full,Owner Occupied,N,0,,N,,N,Y,49,0,535,598,08/28/2017,,Current,,,3,6,12,0,0000000000000001110000001000001234500000001234567778780000000001010012234500000000000000000000000000000000000000000000000000,0,N,,0,420,0,,,,,,,,,,,0,0,0,0,0,0,0,0,0,0,Pristine 24-PER_T3_L,0,0,,0,Inactive,,,0,0,0,0,Urban,24M Pristine,N,0
08/31/2017,BAML $250MM Mixed - 2017.10,872776802,1,2080000,1906571.7,0,0,0,2600000,2600000,09/27/2017,1365000,1296750,0,139.6755824,139.6755824,139.6755824,N,0,2,6270.97,6270.970215,03/07/2008,05/01/2008,08/01/2017,09/01/2017,07/01/2053,543,112,431,543,N,0,0,N,MI,48304,19820,Detroit-Warren-Dearborn MI,0,N,0,0,0,0,0,,,,,0,,FIXED - StepRate,Cash Out,Single Family,Full,Owner Occupied,N,0,,N,,N,Y,49,1,757,788,08/24/2017,,Current,,,3,6,12,0,00000000000000000000000000000000000000000000000000000000000000000000000000000000000000000000000000000000000000000,0,N,,0,0,0,07/01/2018,07/01/2019,,,,,,,,,3,3.75,0,0,0,0,0,0,0,0,Pristine 24-PER_T1_H,0,0,,0,Inactive,,,0,0,0,0,Suburban,24M Pristine,N,0
08/31/2017,BAML $250MM Mixed - 2017.10,873420190,1,223000,147699.05,0,0,0,465000,0,09/23/2017,535000,508250,0,27.60729907,27.60729907,27.60729907,N,0,2,1748.98,580.75,09/19/2003,11/01/2003,08/01/2017,09/01/2017,08/01/2045,502,166,336,502,N,0,0,N,IL,60068,16980,Chicago-Naperville-Elgin IL-IN-WI,0,N,0,0,0,0,0,,,,,0,,FIXED - StepRate,Rate Term,Single Family,Unknown,Owner Occupied,N,0,,N,,N,Y,3,1,505,570,09/22/2015,,Current,,,3,4,4,0,000000000000000000000000010000100000000000000100100101223445345456789ABCDEFGHIJKLMNOPQRSTUVWXYZZZZZZZZZZZ0000,0,N,,5867.3,781.98,0,05/01/2017,05/01/2022,05/01/2023,05/01/2024,,,,,,,2,3,4,4.125,0,0,0,0,0,0,Spotty     -SUB_T1_L,0,0,,0,Inactive,,,0,0,0,0,Urban,60+ Last 6,N,0
08/31/2017,BAML $250MM Mixed - 2017.10,873423413,1,91500,72716.32,0,0,0,200000,168000,09/24/2017,212000,201400,0,34.30015094,34.30015094,34.30015094,N,0,4.25,550.43,466.71,07/10/2006,09/01/2006,09/01/2017,10/01/2017,08/01/2036,360,132,228,360,N,0,0,N,MI,48173,19820,Detroit-Warren-Dearborn MI,0,N,0,0,0,0,0,,,,,0,,FIXED,Purchase,Single Family,Unknown,Owner Occupied,N,0,,N,,N,Y,53,0,717,519,03/03/2017,,Current,,,3,6,12,0,0000000000000000000000000000000000000000000000000000000000000000000000000000000000000000000000000000000000000,0,N,,0,0,0,,,,,,,,,,,0,0,0,0,0,0,0,0,0,0,Pristine 24-PER_T3_L,0,0,,0,Inactive,,,0,0,0,0,Suburban,24M Pristine,N,0
08/31/2017,BAML $250MM Mixed - 2017.10,873426867,1,52650,62292.85,0,0,0,60000,60000,09/23/2017,70000,66500,0,88.98978571,88.98978571,88.98978571,N,0,3.875,446.94,277.8200073,10/19/2001,12/01/2001,08/01/2017,09/01/2017,02/01/2051,591,189,402,591,N,0,0,N,NC,27048,24660,Greensboro-High Point NC,0,N,0,0,0,0,0,,,,,0,,FIXED,Purchase,Single Family,Unknown,Owner Occupied,N,0,,N,,N,Y,55,0,470,643,08/21/2017,,Current,,,3,6,12,0,11112234556767789ABCDEFGHIJGG000011120123445666789ABC11112222322232000000000000000000000000000001000000000000,25,Y,MGIC,0,125,0,,,,,,,,,,,0,0,0,0,0,0,0,0,0,0,Pristine 12-PER_T2_L,0,0,,0,Inactive,,,0,0,0,0,Rural,12M Pristine,N,0
08/31/2017,BAML $250MM Mixed - 2017.10,873446345,1,67500,16090.97,0,0,0,70000,70000,09/25/2017,42250,40137.5,0,38.08513609,38.08513609,38.08513609,N,0,2,421.11,82.55,11/16/2007,01/01/2008,08/01/2017,09/01/2017,03/01/2038,363,116,247,363,N,0,0,N,IL,60085,16980,Chicago-Naperville-Elgin IL-IN-WI,0,N,0,0,0,0,0,,,,,0,,FIXED,Purchase,Condo,Unknown,Owner Occupied,N,0,,N,,N,Y,26,0,674,690,06/12/2017,,Current,,,3,4,4,0,1111222100000000000112334556666666666789ABCDEFGHIJKLMNOPQRSTUVWXYZZZZZZZZZZZZZZZZZ30000123456789ABCDEFGHI0000,0,N,,2.98,15969.5,0,,,,,,,,,,,0,0,0,0,0,0,0,0,0,0,Spotty     -SUB_T1_L,0,0,,0,Inactive,,,0,0,0,0,Urban,60+ Last 6,N,0
08/31/2017,BAML $250MM Mixed - 2017.10,873452759,1,71700,25974.26,0,0,0,80000,75500,09/23/2017,175000,166250,0,14.84243429,14.84243429,14.84243429,N,0,5.5,407.11,407.11,11/23/1993,01/01/1994,07/01/2017,08/01/2017,12/01/2023,360,284,76,360,N,0,0,N,NJ,8823,35620,New York-Newark-Jersey City NY-NJ-PA,0,N,0,0,0,0,0,,,,,0,,FIXED,Purchase,Condo,Unknown,Owner Occupied,N,0,,N,,N,N,0,0,602,509,08/03/2017,,Current,,,3,6,12,0,22232231212221221221212011000011111100000000100000000000010000011230001000001000000000000000000000000000000000000000000000111000001111111031,0,N,,0,800,119.0486917,,,,,,,,,,,0,0,0,0,0,0,0,0,0,0,Spotty     -PER_T3_L,0,0,,0,Inactive,,,0,0,0,0,Suburban,30D-MSLP0,N,0
08/31/2017,BAML $250MM Mixed - 2017.10,873452818,1,75900,48655.06,0,0,0,80000,79900,09/25/2017,165000,156750,0,29.48791515,29.48791515,29.48791515,N,0,2,556.93,577.01,02/21/1995,04/01/1995,08/01/2017,09/01/2017,03/01/2025,360,269,91,360,N,0,0,N,NJ,8085,37980,Philadelphia-Camden-Wilmington PA-NJ-DE-MD,0,N,0,0,0,0,0,,,,,0,,FIXED,Purchase,Single Family,Unknown,Owner Occupied,N,0,,N,,N,Y,72,0,0,513,08/05/2015,,Current,,,3,6,12,0,DEDEEDCCDDDDDEDDEFGHICDEEFGHIIIIJKLMNOPQRSTUVWXYYYYYYYXXXXXXYYYZZZZ0000111111111120121000011110111011111121122222101111111111122111211121110,0,N,,0,33.08,0,,,,,,,,,,,0,0,0,0,0,0,0,0,0,0,Spotty     -PER_T3_L,0,0,,0,Inactive,,,0,0,0,0,Suburban,60+ Last 6,N,0
08/31/2017,BAML $250MM Mixed - 2017.10,873454806,1,86800,48375.06,0,0,0,97000,89500,09/24/2017,135000,128250,0,35.83337778,35.83337778,35.83337778,N,0,5.25,479.32,479.32,09/10/1998,11/01/1998,07/01/2017,08/01/2017,10/01/2028,360,226,134,360,N,0,0,N,NJ,7106,35620,New York-Newark-Jersey City NY-NJ-PA,0,N,0,0,0,0,0,,,,,0,,FIXED,Purchase,Single Family,Unknown,Owner Occupied,N,0,,N,,N,N,0,0,673,656,07/22/2010,,Current,,,3,6,12,0,00000000000000000000000000000000000000000000000000000000000000000000001000000000000000000000000000000000001100100001111012011012001012001231,0,N,,0,30,211.6408875,,,,,,,,,,,0,0,0,0,0,0,0,0,0,0,Spotty     -PER_T2_L,0,0,,0,Inactive,,,0,0,0,0,Urban,30D-MSLP0,N,0
08/31/2017,BAML $250MM Mixed - 2017.10,873472598,1,141000,21682.78,0,0,0,370000,0,09/25/2017,580000,551000,0,3.738410345,3.738410345,3.738410345,N,0,6.25,1030.61,1030.61,12/30/2002,01/30/2003,06/30/2017,07/30/2017,12/30/2022,240,176,64,240,N,0,0,N,NYD,11369,35620,New York-Newark-Jersey City NY-NJ-PA,0,N,0,0,0,0,0,,,,,0,,FIXED,Rate Term,Single Family,Unknown,Owner Occupied,N,0,,N,,N,N,0,0,771,565,08/22/2017,,Current,,,3,5,11,0,00000000000000000000000000000000000000000000000000000000000000000000000000000000000000000000000000000000000000000000000000000100000000011231,0,N,,0,15,225.8622917,,,,,,,,,,,0,0,0,0,0,0,0,0,0,0,Spotty     -PER_T3_L,0,0,,0,Inactive,,,0,0,0,0,Suburban,30D-MSLP0,N,0
08/31/2017,BAML $250MM Mixed - 2017.10,873476991,1,150000,71788.97,0,0,0,328000,0,09/25/2017,439000,417050,0,16.35284055,16.35284055,16.35284055,N,0,6.12,1085.06,1085.06,05/17/2004,06/17/2004,08/17/2017,09/17/2017,05/17/2024,240,159,81,240,N,0,0,N,NYD,11735,35620,New York-Newark-Jersey City NY-NJ-PA,0,N,0,0,0,0,0,,,,,0,,FIXED,Purchase,Single Family,Unknown,Owner Occupied,N,0,,N,,N,N,0,0,638,562,10/01/2016,,Current,,,3,6,12,0,00000000000000000000000000000000000000000000000000000000000000000000000000000000000000000000000000000000000000000000000000000000000000000000,0,N,,0,0,0,,,,,,,,,,,0,0,0,0,0,0,0,0,0,0,Pristine 24-PER_T3_L,0,0,,0,Inactive,,,0,0,0,0,Urban,24M Pristine,N,0
08/31/2017,BAML $250MM Mixed - 2017.10,873507008,1,110000,45925.35,0,0,0,145000,0,09/23/2017,164900,156655,0,27.8504245,27.8504245,27.8504245,N,0,5.49,756.05,756.05,06/11/2003,07/11/2003,08/11/2017,09/11/2017,07/11/2023,241,170,71,241,N,0,0,N,MA,1108,44140,Springfield MA,0,N,0,0,0,0,0,,,,,0,,FIXED,Rate Term,Single Family,Unknown,Owner Occupied,N,0,,N,,N,N,0,0,621,600,08/01/2017,,Current,,,3,6,12,0,00101121000101000000000000000000000000000000000000000000000000000000000000000010010000000010000000000000000000000000001112211000000000000000,0,N,,0,15,0,,,,,,,,,,,0,0,0,0,0,0,0,0,0,0,Pristine 12-PER_T2_L,0,0,,0,Inactive,,,0,0,0,0,Urban,12M Pristine,N,0
08/31/2017,BAML $250MM Mixed - 2017.10,873530170,1,120000,65286.24,0,0,0,515000,0,09/23/2017,689000,654550,0,9.475506531,9.475506531,9.475506531,N,0,7.49,1111.73,1381.09,03/29/2005,04/29/2005,07/29/2017,08/29/2017,03/29/2022,204,149,55,204,N,0,0,N,NYD,11596,35620,New York-Newark-Jersey City NY-NJ-PA,0,N,0,0,0,0,0,,,,,0,,FIXED,Purchase,Single Family,Unknown,Owner Occupied,N,0,,N,,N,Y,11,0,560,700,08/19/2017,,Current,,,3,6,12,0,000000000000000000000000000000000000000000000000000000000000000000000000000000000000000000000000123456789ABCDEFGHIJKLMNNNNNNNNNO000000000000,0,N,,0,3077.3,0,,,,,,,,,,,0,0,0,0,0,0,0,0,0,0,Pristine 12-PER_T1_L,0,0,,0,Inactive,,,0,0,0,0,Urban,12M Pristine,N,0
08/31/2017,BAML $250MM Mixed - 2017.10,873620697,1,36000,14699.2,0,0,0,36000,0,09/23/2017,204442,194219.9,0,7.189912053,7.189912053,7.189912053,N,0,7.25,260.1,260.1,08/05/1998,09/03/1998,08/03/2017,09/03/2017,08/03/2023,300,228,72,300,N,0,0,N,NV,89122,29820,Las Vegas-Henderson-Paradise NV,0,N,0,0,0,0,0,,,,,0,,FIXED,Purchase,Single Family,Unknown,Owner Occupied,N,0,,N,,N,N,0,0,799,481,03/25/2017,,Current,,,3,6,12,0,00000000000000000000000000000000000000000000000000000000000000000000000000000000000000000000000000000000000000000000000000000000000000000000,0,N,,419.55,0,0,,,,,,,,,,,0,0,0,0,0,0,0,0,0,0,Pristine 24-PER_T3_L,0,0,,0,Inactive,,,0,0,0,0,Urban,24M Pristine,N,0
08/31/2017,BAML $250MM Mixed - 2017.10,873689231,1,100238,84987.98,0,0,24160,123200,0,08/31/2017,189369.8535,179901.3608,0,44.87936092,44.87936092,57.63746341,Y,0,7.1,717.07,553.210022,11/26/2001,01/10/2002,07/01/2017,08/01/2017,12/01/2049,576,188,388,576,N,0,0,N,NC,28052,16740,Charlotte-Concord-Gastonia NC-SC,0,N,0,0,0,0,0,,,,,0,,FIXED,Rate Term,Single Family,Unknown,Owner Occupied,N,0,,N,,N,Y,88,0,499,519,08/19/2017,,Current,,,3,6,9,0,00000000000000000000000000000000000000000011123456700000111111100000000000011112222122222221121121121110010000000000100000011111212234111111,0,N,,0,90,502.8455483,,,,,,,,,,,0,0,0,0,0,0,0,0,0,0,Spotty     -PER_T3_L,0,0,,0,Inactive,,,0,0,0,0,Suburban,30D-MSLP0,N,0
08/31/2017,BAML $250MM Mixed - 2017.10,873770034,1,50991,12681.37,0,0,0,72000,30000,08/31/2017,90534.63028,86007.89876,0,14.00720361,14.00720361,14.00720361,N,0,6.05,432.83,432.83,05/07/2005,06/21/2005,06/21/2017,07/21/2017,05/21/2020,180,147,33,180,N,0,0,N,NC,28312,22180,Fayetteville NC,0,N,0,0,0,0,0,,,,,0,,FIXED,Rate Term,Single Family,Unknown,Owner Occupied,N,0,,N,,N,N,0,0,687,547,08/23/2017,,Current,,,3,5,12,0,00000000000000000000000001000000111000000000000010000000000000000000000100000001200011211120100012110112010011001112101111001011111000112311,0,N,,151.15,45,127.8704808,,,,,,,,,,,0,0,0,0,0,0,0,0,0,0,Spotty     -PER_T3_L,0,0,,0,Inactive,,,0,0,0,0,Rural,30D-MSLP0,N,0
08/31/2017,BAML $250MM Mixed - 2017.10,873830875,1,98000,74075.1,0,0,0,123000,35000,09/23/2017,269900,256405,0,27.44538718,27.44538718,27.44538718,N,0,7.29,713.25,713.25,08/16/2006,09/30/2006,07/10/2017,08/10/2017,11/10/2031,303,132,171,303,N,0,0,N,TX,78753,12420,Austin-Round Rock TX,0,N,0,0,0,0,0,,,,,0,,FIXED,Rate Term,Single Family,Unknown,Owner Occupied,N,0,,N,,N,Y,101,0,680,655,08/01/2017,,Current,,,3,6,12,0,0000000000000000000000000000000000001122222223456111111000000000000000000000000000000000000000111100000000000000000000000000000000000,0,N,,0,0,0,,,,,,,,,,,0,0,0,0,0,0,0,0,0,0,Pristine 24-PER_T2_L,0,0,,0,Inactive,,,0,0,0,0,Urban,24M Pristine,N,0
08/31/2017,BAML $250MM Mixed - 2017.10,873836596,1,144000,110851.53,0,0,0,180000,100000,09/25/2017,270500,256975,0,40.9802329,40.9802329,40.9802329,N,0,6.59,983.58,983.58,03/19/2007,05/03/2007,08/03/2017,09/03/2017,04/03/2032,300,124,176,300,N,0,0,N,TX,75093,19100,Dallas-Fort Worth-Arlington TX,0,N,0,0,0,0,0,,,,,0,,FIXED,Rate Term,Single Family,Unknown,Owner Occupied,N,0,,N,,N,N,0,0,673,649,03/06/2017,,Current,,,3,6,12,0,00000000000000000000000000000000000000000000000000000000000000000000000000000000000000000000000000000000000000000000000000000,0,N,,0,0,0,,,,,,,,,,,0,0,0,0,0,0,0,0,0,0,Pristine 24-PER_T2_L,0,0,,0,Inactive,,,0,0,0,0,Urban,24M Pristine,N,0
08/31/2017,BAML $250MM Mixed - 2017.10,873846276,1,84000,66145.88,0,0,0,150000,78000,09/23/2017,169000,160550,0,39.13957396,39.13957396,39.13957396,N,0,6.29,557.81,557.81,02/25/2008,04/10/2008,08/10/2017,09/10/2017,03/10/2033,300,113,187,300,N,0,0,N,TX,79936,21340,El Paso TX,0,N,0,0,0,0,0,,,,,0,,FIXED,Rate Term,Single Family,Unknown,Owner Occupied,N,0,,N,,N,N,0,0,682,628,08/24/2017,,Current,,,3,6,12,0,000000000000000000000000000000000000000000000000000000000000000000000000000000000000000000000000000000000000000000,0,N,,0,0,0,,,,,,,,,,,0,0,0,0,0,0,0,0,0,0,Pristine 24-PER_T2_L,0,0,,0,Inactive,,,0,0,0,0,Suburban,24M Pristine,N,0
08/31/2017,BAML $250MM Mixed - 2017.10,874828400,1,75000,62823.2,0,0,0,101000,0,09/25/2017,49900,47405,0,125.8981964,125.8981964,125.8981964,N,0,6.65,482.26,482.26,01/04/2007,02/16/2007,08/16/2017,09/16/2017,01/16/2037,360,127,233,360,N,0,0,N,MI,48186,19820,Detroit-Warren-Dearborn MI,0,N,0,0,0,0,0,,,,,0,,FIXED,Purchase,Single Family,Unknown,Owner Occupied,N,0,,N,,N,N,0,0,669,579,08/23/2017,,Current,,,3,6,12,0,00000000000000000000000000000000000000000000000000000000000000000000000000000000000000000000000000000001210,0,N,,0,30,0,,,,,,,,,,,0,0,0,0,0,0,0,0,0,0,Spotty     -PER_T3_H,0,0,,0,Inactive,,,0,0,0,0,Urban,60+ Last 6,N,0
08/31/2017,BAML $250MM Mixed - 2017.10,874830403,1,117000,97905.64,0,0,0,0,0,09/23/2017,132000,125400,0,74.17093939,74.17093939,74.17093939,N,0,6.6,747.08,747.08,03/26/2007,04/25/2007,08/25/2017,09/25/2017,03/25/2037,360,125,235,360,N,0,0,N,MI,48320,19820,Detroit-Warren-Dearborn MI,0,N,0,0,0,0,0,,,,,0,,FIXED,Purchase,Single Family,Unknown,Owner Occupied,N,0,,N,,N,N,0,0,771,650,03/18/2017,,Current,,,3,6,12,0,00000000000000000000000000000000000000000000000000000000000000000000000000000000000000000000000000000000000,0,N,,0,0,0,,,,,,,,,,,0,0,0,0,0,0,0,0,0,0,Pristine 24-PER_T2_L,0,0,,0,Inactive,,,0,0,0,0,Urban,24M Pristine,N,0
08/31/2017,BAML $250MM Mixed - 2017.10,874934560,1,70000,50636.92,0,0,94486.52498,258367,200000,09/25/2017,230773,219234.35,0,21.94230694,21.94230694,62.88579902,Y,0,7.05,496.23,496.23,10/25/2005,11/15/2005,08/15/2017,09/15/2017,10/15/2030,300,142,158,300,N,0,0,N,NV,89005,29820,Las Vegas-Henderson-Paradise NV,0,N,0,0,0,0,0,,,,,0,,FIXED,Rate Term,Single Family,Unknown,Owner Occupied,N,0,,N,,N,N,0,0,743,753,08/24/2017,,Current,,,3,6,12,0,0000000000000000000000000000000000000000000000000000000000000000000000000000000000000000000000,0,N,,0,0,0,,,,,,,,,,,0,0,0,0,0,0,0,0,0,0,Pristine 24-PER_T1_L,0,0,,0,Inactive,,,0,0,0,0,Rural,24M Pristine,N,0
